claim_id,target,days_to_file,offer_to_claim_ratio,large_settlement_gap,dispute_density,legal_pressure_index,has_legal_rep,is_junior_adjuster,high_state_risk,claim_age_bucket,prior_disputes_x_legal,log_claim_amount,short_tenure,days_open,settlement_gap_pct,policy_tenure_yrs,llm_conflict_score,followup_contacts,doc_requests,disputed_items,inspections,policy_type_enc,incident_type_enc,injury_severity_enc,adjuster_level_enc,payment_status_enc
CLM-2024-10000,0,27,0.42677973705415145,1,1,4,1,1,0,2.0,0,10.543750964047664,1,106,57.3,1,0.6,1,6,2,1,1,3,6,0,4
CLM-2023-10001,0,24,0.8943382343096283,0,3,0,1,1,0,3.0,0,9.751455210778984,0,326,10.6,24,0.3,3,3,6,0,0,10,4,0,0
CLM-2023-10002,1,11,0.33098436160207684,1,8,0,1,0,0,3.0,0,12.717977017238324,0,278,66.9,22,9.3,8,5,6,5,2,12,5,1,2
CLM-2022-10003,0,26,0.5491977267181343,1,5,0,1,0,0,3.0,0,12.27276872808228,0,224,45.1,5,4.7,5,7,0,4,2,12,6,3,1
CLM-2022-10004,0,8,0.8233750636670554,0,6,0,1,0,0,4.0,0,10.959323855552787,0,398,17.7,18,3.4,6,0,5,3,5,14,3,2,0
CLM-2024-10005,0,21,0.7779669147271245,0,12,3,1,0,0,0.0,0,12.058685648675095,0,5,22.2,12,0.4,12,3,0,2,3,7,6,1,0
CLM-2022-10006,1,26,0.4449634173947668,1,15,0,1,0,0,2.0,0,13.806900709363187,0,107,55.5,17,7.9,15,7,0,4,0,13,3,2,1
CLM-2022-10007,0,9,0.46700577243713,1,16,0,0,0,0,2.0,0,12.762571638445229,0,114,53.3,3,0.7,16,7,6,1,3,4,4,1,4
CLM-2023-10008,0,5,0.3829392664651399,1,4,0,0,0,0,3.0,0,10.352178483652413,0,241,61.7,4,0.1,4,8,6,0,4,14,5,2,4
CLM-2022-10009,0,43,0.46552239542487256,1,5,0,1,0,0,4.0,0,10.800428682482613,1,379,53.4,1,0.3,5,4,1,1,1,14,5,3,4
CLM-2022-10010,0,8,0.8924188472741759,0,2,4,1,1,0,2.0,0,10.454364121640339,0,125,10.8,17,3.4,2,1,3,4,5,6,6,0,0
CLM-2024-10011,1,7,0.31394631209784557,1,9,1,1,0,0,3.0,0,11.365767826731501,0,323,68.6,22,7.3,9,5,0,1,4,3,3,1,2
CLM-2022-10012,1,14,0.3110791948527233,1,9,3,1,0,0,2.0,0,13.6417760507024,0,149,68.9,9,5.8,9,7,2,4,3,1,4,1,2
CLM-2022-10013,0,38,0.42626144954406925,1,14,0,1,0,0,0.0,0,7.799290096262391,0,23,57.4,18,0.1,14,0,2,1,0,9,4,3,3
CLM-2023-10014,1,43,0.49322480137512636,1,9,5,1,0,0,2.0,0,10.85853465900587,0,175,50.7,6,9.8,9,1,3,1,5,3,3,1,1
CLM-2022-10015,0,22,0.28460250397254894,1,9,0,1,0,0,3.0,0,11.313337904927288,0,209,71.5,11,1.5,9,4,0,1,2,6,4,3,4
CLM-2022-10016,0,24,0.8578243303119234,0,11,3,1,0,0,4.0,0,11.209754997524461,0,384,14.2,2,2.9,11,5,5,4,2,5,0,2,0
CLM-2022-10017,0,36,0.30193747505206503,1,7,3,1,0,0,2.0,0,12.168901893769528,0,159,69.8,22,5.0,7,5,3,3,5,14,4,3,3
CLM-2023-10018,0,40,0.5049212958448283,1,3,1,0,1,0,2.0,0,11.795040394599576,0,130,49.5,25,3.1,3,6,5,3,2,13,2,0,2
CLM-2024-10019,0,43,0.4093392564822968,1,11,1,0,0,0,1.0,0,9.160988349994208,0,73,59.1,23,0.1,11,8,3,3,2,14,4,1,1
CLM-2024-10020,1,9,0.364910588,1,5,3,1,0,0,3.0,0,14.731801689838349,0,281,63.5,15,9.9,5,3,0,5,2,12,8,2,1
CLM-2023-10021,0,35,0.9499669123857637,0,8,0,1,0,0,3.0,0,10.466092297656635,0,219,5.0,16,0.8,8,3,2,3,2,9,4,3,0
CLM-2023-10022,0,17,0.33955195933955373,1,7,0,1,0,0,2.0,0,12.079619230533087,0,98,66.0,19,3.3,7,5,2,3,5,8,7,3,3
CLM-2023-10023,0,2,0.3215634798356579,1,16,3,1,0,0,2.0,0,9.379215259509714,0,131,67.8,21,0.9,16,1,4,5,4,0,6,1,4
CLM-2022-10024,0,45,0.32285483810092835,1,10,0,1,1,0,1.0,0,11.26654335279487,0,43,67.7,10,3.8,10,1,6,5,1,5,3,0,2
CLM-2024-10025,0,42,0.33102463842718155,1,16,0,0,1,0,4.0,0,10.83645229720185,0,380,66.9,14,2.6,16,6,6,3,2,8,4,0,1
CLM-2024-10026,0,39,0.9252959944099798,0,9,0,1,0,0,2.0,0,10.7168583436807,1,179,7.5,1,2.7,9,0,4,4,0,12,2,2,0
CLM-2022-10027,1,23,0.37765115265248417,1,11,0,1,1,0,3.0,0,12.919447510095718,0,288,62.2,10,9.7,11,7,2,2,2,4,8,0,1
CLM-2023-10028,0,15,0.30113380894246816,1,5,1,1,0,0,2.0,0,12.392465030249296,0,104,69.9,24,4.0,5,0,0,2,4,10,8,2,3
CLM-2024-10029,0,37,0.43883373706535633,1,2,1,1,0,0,3.0,0,8.6665059014032,0,256,56.1,6,1.2,2,2,6,1,0,0,6,2,1
CLM-2024-10030,1,14,0.32939384795121585,1,3,3,1,0,0,3.0,0,13.064095967679231,0,317,67.1,10,8.3,3,3,1,1,3,13,5,3,1
CLM-2024-10031,0,28,0.20738814608753864,1,8,0,0,0,0,3.0,0,13.668215658477221,0,306,79.3,23,2.5,8,2,2,5,2,1,3,2,3
CLM-2022-10032,0,21,0.43111408832038955,1,1,1,1,0,0,0.0,0,13.608292950387803,0,25,56.9,23,2.1,1,3,5,0,3,1,7,2,4
CLM-2024-10033,0,21,0.9175333655383688,0,6,0,1,0,0,3.0,0,12.546671569936363,0,214,8.2,6,4.2,6,6,5,2,3,9,8,2,0
CLM-2023-10034,0,4,0.3110676028968985,1,5,0,1,1,0,3.0,0,9.892046856640505,0,260,68.9,22,0.2,5,7,5,2,0,11,6,0,4
CLM-2023-10035,1,33,0.3746468891306735,1,16,3,1,0,0,4.0,0,8.989129950960999,0,371,62.5,4,5.5,16,3,3,3,1,1,6,1,1
CLM-2024-10036,1,35,0.39530241421591705,1,11,0,1,0,0,1.0,0,14.227582731267642,1,81,60.5,1,7.2,11,8,3,4,3,1,2,2,1
CLM-2023-10037,0,7,0.40778535789128956,1,15,0,0,0,0,1.0,0,9.762811267276888,0,56,59.2,13,0.3,15,2,3,0,3,14,4,3,2
CLM-2024-10038,0,6,0.8584930151175328,0,4,0,1,0,0,2.0,0,9.91843872464934,0,152,14.2,21,0.1,4,1,3,5,4,5,3,2,0
CLM-2022-10039,0,44,0.32224884167052537,1,5,1,1,0,0,3.0,0,9.763417687757732,0,200,67.8,17,1.0,5,7,5,1,4,13,6,1,1
CLM-2023-10040,0,16,0.3644093364906426,1,12,0,0,0,0,3.0,0,11.526740890967861,0,252,63.6,21,4.1,12,4,5,4,2,7,4,2,1
CLM-2023-10041,1,41,0.4382374230775248,1,2,3,1,0,0,4.0,0,13.180455420832063,0,391,56.2,20,9.6,2,7,0,2,0,5,2,1,1
CLM-2024-10042,1,30,0.22037850523528704,1,8,0,1,0,0,2.0,0,13.35898238159607,0,178,78.0,6,9.1,8,6,6,5,4,6,8,2,3
CLM-2024-10043,1,42,0.26896514650622505,1,15,0,1,0,0,3.0,0,10.488592012429189,0,317,73.1,4,8.2,15,4,5,5,0,12,3,2,2
CLM-2023-10044,0,32,0.619526351572533,0,9,3,1,0,0,3.0,0,9.316558120105242,0,217,38.0,12,3.1,9,5,1,0,4,11,6,3,3
CLM-2023-10045,0,16,0.5466457549465746,1,7,0,0,0,0,0.0,0,9.111768980196144,0,30,45.3,4,0.1,7,8,1,0,0,8,4,1,1
CLM-2024-10046,0,17,0.935429536834612,0,4,0,1,0,0,0.0,0,11.884692724791698,0,13,6.5,4,0.2,4,1,3,5,3,9,4,1,0
CLM-2023-10047,1,5,0.34663354867751006,1,5,4,1,1,0,4.0,0,13.02954793116287,0,369,65.3,2,5.8,5,2,2,0,0,11,5,0,2
CLM-2024-10048,1,28,0.8071234032189395,0,11,3,1,1,0,4.0,0,12.786791867007429,0,374,19.3,23,8.4,11,6,3,3,2,5,5,0,0
CLM-2024-10049,0,36,0.34889434315100515,1,4,0,1,1,0,3.0,0,8.361474616416817,0,305,65.1,3,0.4,4,5,6,3,5,12,4,0,4
CLM-2024-10050,0,18,0.9518053432332327,0,1,3,1,0,0,3.0,0,12.189575208071284,0,193,4.8,22,1.0,1,4,0,4,4,5,4,1,0
CLM-2022-10051,0,11,0.4664787732821468,1,3,3,1,0,0,3.0,0,10.354394049315673,0,237,53.4,24,2.5,3,2,1,0,4,6,6,1,1
CLM-2024-10052,0,15,0.36857896248954597,1,2,0,1,1,0,2.0,0,10.375299857641114,0,162,63.1,12,1.8,2,3,2,0,2,8,5,0,2
CLM-2022-10053,0,28,0.15937062182639358,1,3,1,1,0,0,4.0,0,10.219692939841076,0,384,84.1,18,0.9,3,6,4,2,4,6,6,3,3
CLM-2023-10054,0,22,0.9447795474102517,0,3,0,1,0,0,3.0,0,10.785624425045624,0,207,5.5,3,0.5,3,1,4,4,0,14,6,2,0
CLM-2024-10055,0,41,0.8599406172911391,0,16,0,1,1,0,3.0,0,10.663458687515316,0,294,14.0,6,2.7,16,4,6,3,1,10,6,0,0
CLM-2023-10056,0,29,0.5227150300802981,1,7,0,0,1,0,4.0,0,9.385897434413113,0,383,47.7,21,0.2,7,7,4,2,0,12,5,0,2
CLM-2022-10057,0,4,0.544613396535291,1,11,0,0,0,0,2.0,0,10.36594748703047,0,178,45.5,17,0.1,11,5,0,0,5,10,5,3,3
CLM-2024-10058,0,9,0.4510348886697443,1,3,0,1,0,0,3.0,0,11.58127424907743,0,334,54.9,10,1.3,3,6,4,5,5,0,3,2,4
CLM-2023-10059,1,43,0.533153811780249,1,5,0,1,0,0,3.0,0,12.746193871855168,0,274,46.7,3,8.3,5,6,1,4,1,6,1,1,3
CLM-2022-10060,0,44,0.623565277295023,0,15,0,1,0,0,2.0,0,9.676563112662302,0,104,37.6,25,2.9,15,4,6,3,1,1,5,2,3
CLM-2023-10061,0,28,0.27751395840988063,1,8,0,0,1,0,3.0,0,10.510220268827684,0,267,72.2,23,1.0,8,5,0,3,1,13,3,0,1
CLM-2023-10062,0,31,0.2515753157283642,1,3,0,1,1,0,3.0,0,11.064914690172085,0,361,74.8,23,4.9,3,4,1,0,1,14,0,0,4
CLM-2022-10063,0,37,0.3225814780226244,1,5,0,1,0,0,0.0,0,11.190363707453821,0,13,67.7,14,0.7,5,6,0,2,2,10,8,1,4
CLM-2024-10064,0,16,0.9332352749190286,0,4,1,0,0,0,1.0,0,11.608205280677206,0,39,6.7,16,0.1,4,5,1,4,1,8,3,3,0
CLM-2022-10065,1,26,0.4215153473277937,1,9,0,1,0,0,2.0,0,14.648414763495984,0,163,57.8,2,9.5,9,3,2,0,5,11,0,3,3
CLM-2023-10066,1,6,0.3791821339761729,1,6,0,1,0,0,1.0,0,12.088645902643982,0,47,62.1,6,6.5,6,4,2,4,4,10,7,2,1
CLM-2022-10067,1,43,0.3589933452726771,1,6,0,1,0,0,1.0,0,13.503941407392096,0,34,64.1,2,9.3,6,2,6,0,4,11,3,3,1
CLM-2024-10068,1,26,0.34431564050573077,1,9,0,1,0,0,3.0,0,12.093052256694929,0,276,65.6,22,9.2,9,1,0,1,0,3,8,1,1
CLM-2024-10069,0,43,0.323712662722086,1,3,0,1,0,0,1.0,0,11.208772353314375,0,49,67.6,7,0.1,3,8,2,4,3,10,4,3,3
CLM-2023-10070,0,20,0.5084667751407826,1,16,1,1,1,0,1.0,0,11.691954691320586,0,49,49.2,12,2.2,16,6,6,4,4,4,4,0,3
CLM-2023-10071,1,10,0.29859009824538635,1,8,4,1,0,0,1.0,0,12.420479583537993,0,68,70.1,25,7.5,8,8,2,2,4,8,6,1,2
CLM-2022-10072,1,2,0.6242734453483043,0,9,3,1,0,0,3.0,0,12.334373243872601,0,293,37.6,22,9.2,9,3,6,5,4,2,3,1,3
CLM-2024-10073,1,39,0.2931006011931265,1,11,0,1,0,0,2.0,0,13.351818107268276,0,109,70.7,10,9.3,11,5,3,5,2,7,3,3,1
CLM-2022-10074,0,37,0.4663401054632083,1,7,0,1,0,0,1.0,0,7.022663073981753,0,86,53.4,4,0.6,7,7,4,1,0,6,4,1,1
CLM-2023-10075,0,7,0.970613952502278,0,12,0,1,1,0,3.0,0,12.07249868057089,0,279,2.9,2,1.9,12,5,0,3,0,14,5,0,0
CLM-2023-10076,1,13,0.37041614545927753,1,2,3,1,1,0,3.0,0,11.94669408939625,0,192,63.0,5,8.0,2,0,1,0,4,4,4,0,1
CLM-2024-10077,0,37,0.8249476158000552,0,1,0,1,0,0,3.0,0,11.548670143709856,0,277,17.5,13,3.0,1,5,5,2,1,5,2,1,0
CLM-2022-10078,0,13,0.754734346838825,0,11,0,0,0,0,3.0,0,12.019333465390966,0,298,24.5,17,0.2,11,2,3,3,3,11,4,1,0
CLM-2024-10079,0,23,0.9669136158752486,0,9,0,1,0,0,2.0,0,11.280781026938088,0,180,3.3,22,3.2,9,7,1,4,2,0,7,2,0
CLM-2022-10080,0,10,0.337135630840739,1,10,0,1,0,0,3.0,0,10.221500823029759,0,207,66.3,18,0.3,10,1,2,5,4,13,4,2,2
CLM-2023-10081,1,4,0.3490880935346053,1,16,5,1,1,0,2.0,0,12.90748229766633,0,120,65.1,20,9.7,16,2,0,0,1,3,7,0,2
CLM-2024-10082,0,12,0.5301767802099918,1,2,1,1,1,0,2.0,0,12.340105599851597,0,94,47.0,21,1.4,2,7,1,3,2,8,4,0,2
CLM-2024-10083,0,12,0.25422515484453295,1,11,0,1,0,0,3.0,0,10.249716324712905,0,239,74.6,5,1.5,11,3,1,2,0,12,3,3,2
CLM-2024-10084,0,37,0.4768416942719062,1,8,0,1,0,0,2.0,0,10.53338125260665,0,159,52.3,8,0.1,8,1,3,0,3,6,6,2,3
CLM-2023-10085,0,35,0.49059868274735263,1,7,0,1,0,0,3.0,0,9.74870975944778,0,286,50.9,5,0.5,7,1,4,1,5,13,4,1,2
CLM-2023-10086,0,33,0.7639089458473748,0,5,3,1,0,0,3.0,0,13.293777901518496,0,255,23.6,11,2.7,5,6,3,4,3,10,6,1,0
CLM-2024-10087,0,19,0.9422429672030098,0,14,0,1,1,0,3.0,0,11.50281068259565,0,246,5.8,14,0.9,14,6,3,2,5,9,4,0,0
CLM-2023-10088,0,28,0.9558401010070974,0,8,0,1,0,0,4.0,0,12.236353953691737,0,373,4.4,24,2.1,8,5,1,3,1,8,2,1,0
CLM-2023-10089,0,29,0.25863461967134876,1,2,0,1,1,0,0.0,0,12.061740794510728,0,27,74.1,20,0.6,2,8,2,1,0,13,3,0,3
CLM-2022-10090,1,36,0.5416870718283067,1,13,0,1,0,0,2.0,0,14.729716959129597,0,94,45.8,14,9.4,13,5,5,4,3,5,8,1,2
CLM-2023-10091,1,22,0.5266678438310374,1,12,0,1,0,0,2.0,0,12.807193677946,0,135,47.3,2,8.5,12,8,5,0,1,13,3,3,2
CLM-2022-10092,1,31,0.923906572,0,7,3,1,0,0,2.0,0,14.731801689838349,0,102,7.6,7,8.1,7,3,4,3,3,9,2,3,0
CLM-2023-10093,0,15,0.935313086751767,0,1,0,1,0,0,0.0,0,11.557971772503304,0,28,6.5,4,0.0,1,8,4,2,3,8,4,3,0
CLM-2024-10094,0,9,0.930078768707675,0,16,0,1,0,0,3.0,0,9.36689359196255,0,185,7.0,25,0.2,16,8,5,1,1,6,4,2,0
CLM-2022-10095,1,43,0.15330623349792302,1,14,0,1,0,0,3.0,0,11.389015523098282,1,320,84.7,1,9.8,14,0,4,0,5,9,8,1,3
CLM-2024-10096,1,26,0.322962368,1,8,0,1,0,0,1.0,0,14.731801689838349,0,45,67.7,8,6.4,8,1,5,2,3,0,8,1,4
CLM-2024-10097,0,14,0.6006364783567544,0,16,0,0,0,0,0.0,0,11.917875974028345,0,26,39.9,14,0.2,16,0,0,2,2,14,3,3,3
CLM-2024-10098,0,25,0.784987646608649,0,3,0,1,0,0,3.0,0,12.610848082536554,0,281,21.5,3,2.7,3,5,0,4,1,7,7,3,0
CLM-2022-10099,1,6,0.48165024178124966,1,10,0,1,0,0,3.0,0,11.996823123605921,0,343,51.8,16,7.5,10,1,0,1,4,5,8,3,4
CLM-2023-10100,0,7,0.25787804321860786,1,12,0,0,0,0,3.0,0,8.743836212437493,0,267,74.2,12,0.2,12,1,4,4,5,14,4,3,4
CLM-2024-10101,0,18,0.39211559388404066,1,3,3,1,0,0,1.0,0,11.113981348902305,0,90,60.8,6,1.6,3,4,1,2,0,12,5,3,3
CLM-2024-10102,0,21,0.43096420696260324,1,7,0,0,0,0,1.0,0,8.505053806331208,0,74,56.9,11,0.1,7,5,1,3,1,11,6,3,1
CLM-2023-10103,0,14,0.38153643031186024,1,10,0,1,1,0,4.0,0,11.035901732358418,0,377,61.8,19,4.7,10,1,6,5,3,13,4,0,1
CLM-2023-10104,0,45,0.5186503833939065,1,3,0,1,0,0,0.0,0,10.537030153359781,0,23,48.1,19,1.3,3,3,5,0,1,12,3,3,4
CLM-2024-10105,1,24,0.3673402745015617,1,5,0,1,1,0,2.0,0,11.957387799721962,0,118,63.3,4,8.7,5,0,3,2,0,5,0,0,1
CLM-2022-10106,0,2,0.5745899918336486,1,4,0,1,0,0,4.0,0,12.375393136875422,0,368,42.5,16,3.0,4,2,5,5,5,2,4,2,3
CLM-2022-10107,1,1,0.3117353449541351,1,3,0,1,0,0,3.0,0,12.128580777530392,0,224,68.8,21,8.2,3,1,6,4,4,4,5,1,1
CLM-2024-10108,1,40,0.45163303908143554,1,11,3,1,0,0,3.0,0,12.37785805824923,0,349,54.8,19,9.7,11,3,2,0,2,10,4,3,2
CLM-2022-10109,1,32,0.30612956988341017,1,15,3,1,0,0,3.0,0,13.411995936419851,0,289,69.4,16,9.8,15,0,6,4,3,14,5,1,1
CLM-2023-10110,0,35,0.33660093956416154,1,15,0,1,0,0,2.0,0,9.009356960956952,0,145,66.3,16,4.4,15,7,4,4,2,4,5,3,1
CLM-2024-10111,0,8,0.9439079119482342,0,8,0,1,0,0,1.0,0,13.498664589951707,0,49,5.6,4,0.8,8,5,6,1,3,0,0,3,0
CLM-2024-10112,0,9,0.9906929952396243,0,14,0,0,0,0,3.0,0,13.689393031731395,0,268,0.9,20,2.8,14,4,6,0,3,2,7,2,0
CLM-2024-10113,1,18,0.45841108316407675,1,12,0,1,0,0,3.0,0,14.299453445268522,0,211,54.2,21,8.5,12,7,2,3,1,2,8,2,1
CLM-2024-10114,1,37,0.48649109444737537,1,2,3,1,0,0,3.0,0,13.413533330123702,0,300,51.4,7,9.9,2,1,5,0,5,8,8,3,1
CLM-2023-10115,0,26,0.5129941755519849,1,8,0,1,0,0,1.0,0,11.141883957246602,0,89,48.7,9,3.2,8,1,5,3,2,11,6,1,3
CLM-2022-10116,0,24,0.5142967136605474,1,5,0,0,1,0,1.0,0,9.760001634763928,0,57,48.6,14,0.1,5,2,5,3,1,5,4,0,4
CLM-2024-10117,0,23,0.6316240602156387,0,11,0,1,0,0,3.0,0,9.534304709954185,0,306,36.8,20,4.5,11,3,2,1,0,5,3,3,3
CLM-2024-10118,0,41,0.4469648848364181,1,1,0,1,0,0,2.0,0,14.09178715708141,0,128,55.3,10,0.2,1,5,1,2,3,1,3,3,3
CLM-2023-10119,0,27,0.37707258111773184,1,13,3,0,1,0,3.0,0,12.74551983635349,0,326,62.3,9,4.7,13,8,4,0,3,8,4,0,4
CLM-2024-10120,1,8,0.43264972387869216,1,10,4,1,1,0,1.0,0,13.162413900016643,0,49,56.7,10,9.2,10,2,0,5,0,4,1,0,2
CLM-2022-10121,1,37,0.39884429406750294,1,12,3,1,0,0,1.0,0,10.909872703936374,0,37,60.1,24,6.7,12,7,6,0,1,11,1,2,2
CLM-2024-10122,0,42,0.8304505049383335,0,14,3,1,1,0,0.0,0,13.212465582858627,1,23,17.0,1,3.9,14,5,2,5,0,7,3,0,0
CLM-2022-10123,0,24,0.4191420955730813,1,10,4,1,1,0,3.0,0,8.941559867393668,0,238,58.1,15,2.2,10,3,3,5,5,7,6,0,4
CLM-2023-10124,0,20,0.4089443372731015,1,8,0,1,1,0,0.0,0,12.39768548767167,0,5,59.1,8,1.4,8,7,0,3,5,7,3,0,4
CLM-2022-10125,1,16,0.33750280597259646,1,11,1,1,1,0,3.0,0,13.912377225812367,0,344,66.2,17,9.6,11,5,2,3,1,7,7,0,1
CLM-2023-10126,0,17,0.2771262486964718,1,10,0,1,0,0,2.0,0,11.665006089424795,0,162,72.3,15,3.2,10,0,1,5,1,13,8,3,4
CLM-2023-10127,0,1,0.18083469432906019,1,8,0,1,0,0,1.0,0,10.245676631117593,0,76,81.9,15,1.4,8,3,6,1,4,14,5,3,3
CLM-2023-10128,0,11,0.5272395317626603,1,14,1,0,0,0,3.0,0,12.028013053647374,0,241,47.3,5,0.2,14,6,3,5,3,5,4,3,4
CLM-2022-10129,1,6,0.3339327400686943,1,5,0,1,1,0,3.0,0,11.007908935695454,0,250,66.6,20,6.9,5,3,5,3,4,3,1,0,1
CLM-2024-10130,0,4,0.9521635545083056,0,16,2,1,0,0,0.0,0,9.989562949966853,0,20,4.8,19,2.3,16,5,6,4,0,14,8,2,0
CLM-2024-10131,0,45,0.8919128986717555,0,5,0,1,0,0,3.0,0,11.166003236886274,0,307,10.8,6,0.6,5,3,6,4,5,3,4,2,0
CLM-2023-10132,0,2,0.7869282307426264,0,5,0,0,1,0,2.0,0,7.819065629319621,0,170,21.3,11,0.0,5,8,6,0,0,10,6,0,0
CLM-2023-10133,0,43,0.23767581730558662,1,10,0,1,0,0,3.0,0,13.424376754373256,0,187,76.2,21,3.0,10,4,1,5,3,10,4,3,3
CLM-2022-10134,0,11,0.9907698966474894,0,11,1,1,0,0,3.0,0,12.332197237908227,0,182,0.9,21,3.4,11,0,2,3,2,0,0,1,0
CLM-2022-10135,0,42,0.4774730100459865,1,8,1,0,0,0,3.0,0,11.251753409539033,0,250,52.3,6,0.2,8,7,0,1,4,13,6,3,1
CLM-2022-10136,0,11,0.3493282729206063,1,7,0,1,0,0,3.0,0,9.516421145504287,0,315,65.1,20,2.7,7,8,5,3,0,10,4,2,4
CLM-2024-10137,0,31,0.7564337757998457,0,6,6,1,0,0,3.0,0,10.290920045951172,0,325,24.4,2,3.7,6,4,0,5,4,3,6,1,0
CLM-2023-10138,0,37,0.7654098459322469,0,4,0,0,0,0,2.0,0,13.688729382701716,0,120,23.5,12,4.0,4,5,6,0,2,11,2,1,0
CLM-2024-10139,1,37,0.4360819335455697,1,4,4,1,0,0,3.0,0,13.702805156775362,0,297,56.4,10,9.9,4,2,1,3,3,9,7,3,1
CLM-2022-10140,1,1,0.46152895897384577,1,14,0,1,0,0,3.0,0,13.6967499721614,0,271,53.8,24,9.8,14,6,1,0,2,10,0,2,3
CLM-2022-10141,1,40,0.45809837589699587,1,2,3,1,0,0,3.0,0,14.524793863191372,0,211,54.2,13,9.9,2,5,5,3,0,5,8,2,2
CLM-2022-10142,0,39,0.44366658238742446,1,7,0,1,1,0,4.0,0,8.695039750326224,0,378,55.6,8,0.7,7,3,6,3,4,9,4,0,2
CLM-2023-10143,0,3,0.38693486965302215,1,12,3,0,0,0,1.0,0,9.749968006835154,0,34,61.3,25,0.1,12,3,2,5,4,0,6,1,2
CLM-2023-10144,0,19,0.2648951574850791,1,7,0,1,0,0,4.0,0,10.111617359527926,0,388,73.5,6,2.7,7,3,5,1,5,7,6,3,2
CLM-2022-10145,0,25,0.575793103022684,1,15,0,1,1,0,2.0,0,12.55525572037061,0,145,42.4,8,4.5,15,3,3,2,0,0,8,0,3
CLM-2023-10146,0,17,0.9880468041719265,0,10,3,1,0,0,2.0,0,9.858301361247626,0,171,1.2,22,2.5,10,2,4,1,2,5,6,2,0
CLM-2022-10147,1,44,0.4103906128789431,1,16,0,1,0,0,4.0,0,10.639865663798329,0,370,59.0,13,9.0,16,5,4,5,5,2,8,3,2
CLM-2023-10148,0,17,0.8963923690717278,0,15,0,1,0,0,2.0,0,9.456050570299478,0,174,10.4,21,0.1,15,7,0,0,1,12,6,2,0
CLM-2024-10149,0,21,0.9655985368582525,0,6,0,1,0,0,3.0,0,11.04111700800234,0,239,3.4,2,0.1,6,7,2,0,2,7,4,3,0
CLM-2024-10150,1,1,0.24970715570128274,1,12,3,1,1,0,3.0,0,11.132366117466491,0,249,75.0,5,7.3,12,5,6,0,0,11,4,0,3
CLM-2024-10151,0,39,0.41205872533383053,1,14,2,1,0,0,3.0,0,10.681700343308712,0,238,58.8,17,2.8,14,2,2,5,5,1,4,3,3
CLM-2023-10152,0,43,0.5008359092725879,1,2,0,1,1,0,3.0,0,10.506546171882222,0,309,49.9,12,1.0,2,1,3,5,2,9,4,0,4
CLM-2023-10153,0,19,0.2842039222976113,1,4,0,1,0,0,3.0,0,10.053649143660978,0,321,71.6,20,0.6,4,3,4,3,2,1,6,2,1
CLM-2022-10154,1,10,0.48385787088534626,1,3,3,1,0,0,3.0,0,13.13571771004419,0,298,51.6,23,8.2,3,1,2,5,1,6,8,1,4
CLM-2024-10155,0,22,0.3572583102746322,1,15,2,0,0,0,3.0,0,9.012462439784448,0,344,64.3,14,0.8,15,4,5,4,2,9,6,2,2
CLM-2022-10156,1,31,0.49067943516125917,1,15,0,1,0,0,3.0,0,14.376208211900147,0,218,50.9,4,9.7,15,6,6,1,2,14,0,1,1
CLM-2023-10157,1,15,0.5433686234022878,1,11,3,1,0,0,4.0,0,11.641107927540737,0,375,45.7,21,8.7,11,8,5,4,2,7,5,2,4
CLM-2024-10158,0,21,0.9925362299679347,0,2,0,1,1,0,4.0,0,11.004288610766222,0,389,0.7,21,3.2,2,3,4,4,2,6,3,0,0
CLM-2024-10159,1,6,0.4875349870461519,1,10,4,0,0,0,3.0,0,11.031177783514606,0,286,51.2,4,7.5,10,8,1,4,0,11,5,2,1
CLM-2024-10160,0,36,0.8804956292071803,0,4,0,1,0,0,3.0,0,8.831484088132047,0,329,12.0,23,0.3,4,2,3,0,0,0,4,2,0
CLM-2022-10161,0,29,0.38721633946605194,1,5,0,0,0,0,3.0,0,11.685579777504891,0,306,61.3,7,2.9,5,0,4,3,0,12,3,3,1
CLM-2024-10162,1,45,0.28679793748901977,1,11,3,1,1,0,3.0,0,13.877291818851065,0,219,71.3,13,9.0,11,7,6,2,2,7,5,0,3
CLM-2022-10163,1,33,0.4684387192238071,1,4,4,1,0,0,4.0,0,12.701804996760977,0,368,53.2,20,9.6,4,8,3,2,4,0,8,1,3
CLM-2024-10164,1,10,0.5018145503242124,1,10,3,1,1,0,2.0,0,13.439741155347336,0,151,49.8,13,7.4,10,8,0,1,5,1,2,0,4
CLM-2023-10165,1,36,0.4731009914662613,1,7,3,1,0,0,3.0,0,12.63963289625578,0,355,52.7,23,9.9,7,7,6,4,5,1,3,2,1
CLM-2022-10166,1,36,0.29827865600000003,1,9,0,1,0,0,3.0,0,14.731801689838349,0,224,70.2,22,9.2,9,5,3,0,3,4,8,1,2
CLM-2024-10167,0,35,0.8842589880000001,0,3,0,1,1,0,1.0,0,14.731801689838349,0,86,11.6,23,0.8,3,3,1,2,3,9,8,0,0
CLM-2024-10168,1,25,0.5334962963530158,1,13,3,1,0,0,0.0,0,12.010992057374065,0,25,46.7,15,8.0,13,8,5,2,1,13,3,2,4
CLM-2023-10169,0,14,0.45110051103647536,1,7,0,0,0,0,0.0,0,11.494756097179316,0,8,54.9,17,0.7,7,6,6,5,3,13,5,2,2
CLM-2022-10170,0,27,0.36640968119055894,1,13,3,0,1,0,2.0,0,10.420760547265834,0,121,63.4,3,5.0,13,5,0,3,5,0,1,0,1
CLM-2023-10171,0,31,0.2968971818349737,1,8,0,0,0,0,3.0,0,10.31951666454777,0,343,70.3,22,1.3,8,6,6,1,5,1,3,2,2
CLM-2024-10172,0,14,0.8531636498105196,0,5,1,0,1,0,2.0,0,11.314396962262773,0,112,14.7,2,0.1,5,2,1,1,5,7,1,0,0
CLM-2024-10173,1,9,0.3203598587927753,1,10,3,1,0,0,2.0,0,13.308033803803003,0,174,68.0,22,9.7,10,1,1,4,1,8,7,2,1
CLM-2023-10174,1,18,0.7835764534362257,0,11,6,1,0,0,4.0,0,13.047353303094168,0,383,21.6,14,9.4,11,7,3,3,5,12,3,2,0
CLM-2023-10175,0,26,0.5346001212522312,1,7,0,1,0,0,3.0,0,11.729687900199261,0,302,46.5,24,1.1,7,8,2,0,0,2,3,2,3
CLM-2024-10176,1,33,0.2977667882349257,1,5,3,1,0,0,3.0,0,11.05445095923236,0,355,70.2,12,7.1,5,7,2,5,4,14,4,3,1
CLM-2022-10177,0,17,0.8925400522937961,0,13,1,1,0,0,3.0,0,12.479675443510812,0,271,10.7,16,1.8,13,6,2,5,0,12,4,3,0
CLM-2024-10178,0,14,0.2950721411140129,1,6,1,1,0,0,3.0,0,10.423324848931681,0,334,70.5,20,3.9,6,1,5,2,2,7,4,3,2
CLM-2022-10179,1,37,0.233170684,1,6,4,1,1,0,3.0,0,14.731801689838349,0,267,76.7,8,8.5,6,6,4,4,2,8,5,0,3
CLM-2024-10180,0,44,0.32133569959705854,1,15,0,1,0,0,2.0,0,10.997203540530627,0,140,67.9,20,1.6,15,1,1,4,0,3,5,3,3
CLM-2023-10181,0,43,0.9008686876706015,0,1,0,1,0,0,1.0,0,11.500392858912424,0,52,9.9,16,4.2,1,6,4,5,1,4,2,1,0
CLM-2023-10182,0,17,0.30670632365918277,1,1,0,1,0,0,3.0,0,10.635072447478116,0,283,69.3,5,4.6,1,8,0,4,2,3,1,3,2
CLM-2024-10183,0,27,0.4260524298126399,1,16,0,0,0,0,4.0,0,10.831323777958241,0,391,57.4,9,1.1,16,5,4,1,5,13,4,2,3
CLM-2024-10184,0,11,0.344551850147429,1,1,0,0,0,0,3.0,0,12.00905981856919,0,355,65.5,4,3.3,1,2,3,0,4,13,8,1,3
CLM-2024-10185,0,13,0.26008301855727556,1,8,0,1,1,0,3.0,0,9.667299920907263,0,270,74.0,25,0.4,8,2,5,4,1,6,6,0,1
CLM-2022-10186,1,23,0.35424252727482797,1,9,0,1,0,0,3.0,0,11.928132961520957,0,291,64.6,17,9.6,9,3,3,1,1,10,0,1,1
CLM-2023-10187,1,25,0.4809901500343539,1,11,3,1,1,0,3.0,0,11.081036244841378,0,360,51.9,17,7.6,11,7,4,3,2,4,6,0,2
CLM-2022-10188,1,5,0.3035457051081486,1,11,4,1,0,0,3.0,0,12.44670320398397,0,349,69.6,17,9.9,11,3,4,2,2,8,7,2,2
CLM-2023-10189,0,40,0.15331235849334,1,2,1,1,0,0,3.0,0,9.048203722341325,0,344,84.7,8,0.9,2,5,4,3,2,1,4,1,3
CLM-2023-10190,0,30,0.6382535621485289,0,15,0,1,1,0,3.0,0,11.83269650986803,0,356,36.2,17,4.3,15,0,0,2,2,2,0,0,3
CLM-2024-10191,0,24,0.8199073776252842,0,6,0,1,0,0,3.0,0,13.487285104953541,0,219,18.0,9,3.7,6,2,4,4,4,6,3,1,0
CLM-2024-10192,1,32,0.4310691823548791,1,2,0,1,0,0,3.0,0,11.181079152245479,1,278,56.9,1,5.1,2,1,5,3,1,4,5,3,3
CLM-2022-10193,1,13,0.42305611639682134,1,6,3,1,0,0,3.0,0,10.260430960435187,0,352,57.7,18,5.5,6,5,2,2,2,0,3,2,2
CLM-2024-10194,1,21,0.5052167679103101,1,13,0,1,0,0,2.0,0,12.042052530994233,0,121,49.5,21,8.9,13,7,6,2,0,14,3,3,3
CLM-2023-10195,0,26,0.6480068871371035,0,4,0,1,1,0,1.0,0,12.073567811528285,0,32,35.2,7,0.2,4,2,0,2,2,2,4,0,3
CLM-2024-10196,0,36,0.9923854835030791,0,6,0,1,1,0,3.0,0,10.604994691065547,0,281,0.8,2,2.4,6,7,5,4,5,12,5,0,0
CLM-2024-10197,0,23,0.8216906173458769,0,1,1,1,1,0,4.0,0,11.385984081883995,0,393,17.8,15,1.3,1,7,6,5,5,8,3,0,0
CLM-2023-10198,0,15,0.3766718345165407,1,8,3,1,0,0,3.0,0,11.67690635528232,0,204,62.3,18,3.0,8,4,2,4,4,5,4,3,2
CLM-2024-10199,1,2,0.28068202221662,1,9,1,1,0,0,0.0,0,11.78884680027187,0,30,71.9,20,7.2,9,7,5,1,2,3,7,3,2
CLM-2022-10200,0,31,0.30448109325146416,1,9,2,1,1,0,1.0,0,11.107998911815308,0,41,69.6,11,0.5,9,0,0,3,2,3,4,0,2
CLM-2024-10201,0,8,0.3259938226224552,1,10,0,1,0,0,3.0,0,12.024433915556916,0,286,67.4,13,1.5,10,5,0,1,1,1,0,3,4
CLM-2024-10202,0,6,0.3999757482722938,1,11,3,1,0,0,1.0,0,12.792874047442302,1,84,60.0,1,2.9,11,0,0,5,4,9,4,1,4
CLM-2023-10203,1,36,0.4591113321552427,1,7,3,1,0,0,3.0,0,12.642719154611873,1,253,54.1,1,9.5,7,2,4,4,0,2,5,1,2
CLM-2023-10204,0,2,0.9049336336654797,0,12,0,0,0,0,4.0,0,12.482399591865807,0,380,9.5,10,0.9,12,3,2,4,3,7,2,3,0
CLM-2024-10205,1,3,0.39561104346738274,1,4,4,1,0,0,1.0,0,10.783174256747476,0,71,60.4,21,7.8,4,6,5,0,1,4,3,3,2
CLM-2023-10206,0,40,0.28290775382319494,1,2,0,0,1,0,4.0,0,11.029658424275798,0,367,71.7,15,0.2,2,1,6,5,4,9,4,0,3
CLM-2023-10207,1,7,0.24019822808967836,1,13,0,1,0,0,3.0,0,11.074958962439602,0,239,76.0,18,7.3,13,5,5,4,0,1,4,1,3
CLM-2022-10208,1,29,0.3842499234876877,1,13,0,1,0,0,2.0,0,12.639096952827579,0,135,61.6,20,8.1,13,0,2,0,4,4,0,2,1
CLM-2024-10209,1,17,0.49332227199999995,1,3,0,1,0,0,2.0,0,14.731801689838349,0,132,50.7,4,5.1,3,6,4,4,0,12,0,1,4
CLM-2022-10210,1,8,0.31801530298851366,1,1,3,1,0,0,3.0,0,13.289979115080138,0,227,68.2,3,6.0,1,6,0,5,2,2,5,3,2
CLM-2023-10211,0,22,0.4214321773189414,1,2,0,1,0,0,1.0,0,13.677393237456876,0,80,57.9,25,0.5,2,6,2,4,3,2,4,3,4
CLM-2022-10212,0,28,0.8413169203054341,0,7,0,1,0,0,1.0,0,11.763827519347814,0,62,15.9,8,2.4,7,5,4,2,1,11,3,1,0
CLM-2024-10213,1,4,0.46050122000000004,1,5,3,1,1,0,1.0,0,14.731801689838349,0,48,53.9,8,8.9,5,0,2,2,3,0,0,0,3
CLM-2024-10214,0,17,0.8210034027401237,0,9,0,1,0,0,3.0,0,10.977751648461208,0,274,17.9,20,3.4,9,7,5,0,2,9,4,3,0
CLM-2022-10215,0,6,0.3059252288246743,1,15,0,0,0,0,3.0,0,12.234067701485706,0,310,69.4,8,2.3,15,0,0,4,5,0,1,3,4
CLM-2022-10216,0,18,0.31767507643669796,1,11,0,1,0,0,0.0,0,8.948149292511303,0,20,68.2,17,0.2,11,2,0,3,2,1,6,1,2
CLM-2024-10217,1,44,0.5812937934700028,1,10,3,1,0,0,3.0,0,11.544229442536194,0,302,41.9,20,8.4,10,8,1,5,5,8,4,2,3
CLM-2023-10218,0,10,0.2820317982609019,1,6,0,1,1,0,3.0,0,9.46584578358274,0,331,71.8,25,0.6,6,4,4,0,1,6,6,0,2
CLM-2024-10219,0,18,0.6250993204324659,0,8,1,1,0,0,4.0,0,8.972024805513483,0,396,37.5,6,0.3,8,3,6,5,1,8,6,2,3
CLM-2022-10220,1,42,0.4860759578841481,1,4,0,1,1,0,3.0,0,14.439679434788301,0,279,51.4,20,9.6,4,7,6,3,2,1,4,0,1
CLM-2022-10221,0,30,0.385509282735148,1,4,1,1,0,0,3.0,0,10.313421327928221,0,269,61.4,10,1.6,4,8,1,1,5,9,3,3,2
CLM-2023-10222,0,34,0.4621837591383077,1,6,0,1,0,0,3.0,0,11.469314376206853,0,190,53.8,23,1.3,6,8,3,3,1,11,3,2,4
CLM-2022-10223,0,17,0.39928971549628933,1,16,0,1,0,0,0.0,0,8.032243220010425,0,6,60.1,10,0.6,16,0,4,4,5,0,6,2,4
CLM-2023-10224,0,39,0.9800961413105814,0,2,2,1,0,0,3.0,0,11.341221659818984,0,346,2.0,2,0.6,2,6,1,0,2,14,5,1,0
CLM-2022-10225,1,36,0.391245052,1,4,3,1,1,0,4.0,0,14.731801689838349,0,393,60.9,25,9.0,4,4,2,5,3,13,3,0,2
CLM-2024-10226,0,32,0.8799265234664164,0,16,0,1,0,0,3.0,0,11.07282341416302,0,319,12.0,20,0.1,16,2,4,3,3,9,6,3,0
CLM-2022-10227,0,17,0.8269432543421765,0,11,0,1,0,0,3.0,0,10.248525498498081,0,358,17.3,2,1.5,11,1,5,0,0,9,5,3,0
CLM-2023-10228,0,27,0.5283370040809968,1,2,0,1,0,0,2.0,0,12.836307235743723,0,176,47.2,2,4.3,2,4,4,4,3,9,7,3,2
CLM-2024-10229,1,39,0.2850533441144756,1,10,0,1,0,0,3.0,0,11.567345276704758,1,204,71.5,1,5.3,10,5,5,5,0,3,3,2,4
CLM-2022-10230,0,33,0.8350291375824499,0,16,0,1,0,0,0.0,0,9.992541841359639,0,17,16.5,4,0.5,16,8,2,5,1,6,5,1,0
CLM-2023-10231,0,34,0.47985405334952486,1,10,0,1,1,0,0.0,0,10.538715323890235,0,28,52.0,10,0.5,10,4,5,0,5,2,4,0,1
CLM-2022-10232,0,21,0.33131553803828556,1,10,3,0,0,0,3.0,0,10.513259645874886,0,184,66.9,9,1.7,10,3,1,4,4,4,4,1,2
CLM-2022-10233,0,40,0.3566872241884785,1,11,0,0,1,0,3.0,0,9.081480337264306,0,358,64.3,3,0.2,11,8,0,1,2,9,6,0,4
CLM-2023-10234,0,32,0.1651320879844447,1,16,0,1,0,0,2.0,0,12.261830762745602,0,171,83.5,20,3.5,16,5,3,0,0,11,4,1,3
CLM-2023-10235,0,25,0.2698179570590011,1,7,0,1,1,0,1.0,0,11.699419056710765,0,86,73.0,10,0.1,7,6,6,5,3,5,6,0,4
CLM-2023-10236,0,25,0.8318519297420894,0,2,1,0,0,0,1.0,0,8.486966946484367,0,60,16.8,18,0.2,2,3,6,0,1,8,3,2,0
CLM-2022-10237,0,6,0.8956812149708226,0,13,0,1,0,0,3.0,0,9.087048942938972,0,227,10.4,7,0.1,13,4,0,1,1,8,6,1,0
CLM-2023-10238,1,36,0.5273446016154907,1,14,0,1,0,0,1.0,0,12.634006007998329,0,76,47.3,23,9.1,14,4,6,1,4,10,2,2,1
CLM-2024-10239,0,30,0.404707584752845,1,15,0,1,0,0,3.0,0,10.322003131588527,0,324,59.5,21,1.1,15,5,1,3,5,9,6,1,3
CLM-2022-10240,0,34,0.9958947562695852,0,9,0,1,1,0,1.0,0,11.634413273915758,0,45,0.4,2,1.7,9,8,0,3,2,0,8,0,0
CLM-2024-10241,0,22,0.9901453251836155,0,10,3,1,1,0,3.0,0,12.358332252691829,0,245,1.0,11,4.7,10,2,0,2,5,1,3,0,0
CLM-2024-10242,1,9,0.3325651278498492,1,9,3,1,1,0,2.0,0,13.331001236021644,0,147,66.7,10,8.1,9,1,4,0,4,9,3,0,4
CLM-2022-10243,0,16,0.48033364417395424,1,6,0,1,0,0,3.0,0,11.415445041890667,0,216,52.0,3,0.1,6,5,0,1,4,13,4,2,3
CLM-2024-10244,0,44,0.3447066386234702,1,2,1,1,0,0,3.0,0,8.988751860959844,0,234,65.5,22,2.8,2,8,5,0,0,2,5,3,1
CLM-2023-10245,0,21,0.8869032679911234,0,1,0,1,0,0,3.0,0,10.095193273340387,0,358,11.3,25,0.1,1,0,3,0,4,12,4,3,0
CLM-2022-10246,1,6,0.28897218628140575,1,6,0,1,1,0,4.0,0,12.899593706188243,0,367,71.1,2,8.2,6,2,2,0,4,3,8,0,4
CLM-2023-10247,0,29,0.18469910546452145,1,7,0,1,0,0,2.0,0,10.14994520575569,0,140,81.5,25,0.4,7,6,1,4,4,13,5,2,3
CLM-2024-10248,0,3,0.44938175279160314,1,9,0,1,1,0,1.0,0,13.572709444081488,0,81,55.1,3,2.9,9,5,3,1,2,3,3,0,2
CLM-2024-10249,1,26,0.6485078848373957,0,3,3,1,0,0,2.0,0,12.535382363877968,0,175,35.1,23,5.9,3,8,6,2,2,14,5,3,3
CLM-2023-10250,0,2,0.5098688724863638,1,8,0,1,0,0,0.0,0,8.91374670899366,0,23,49.0,4,0.0,8,6,0,3,5,3,4,3,3
CLM-2024-10251,0,5,0.2610632500617872,1,5,0,1,1,0,3.0,0,10.807795375268713,0,301,73.9,7,0.1,5,0,3,3,2,9,6,0,4
CLM-2024-10252,0,44,0.37060258957177183,1,4,0,0,1,0,3.0,0,13.15415204117028,0,223,62.9,4,4.6,4,8,1,5,0,2,3,0,1
CLM-2023-10253,0,25,0.5388308285385579,1,1,1,1,0,0,1.0,0,13.05410449362534,0,56,46.1,23,0.1,1,1,0,3,3,2,4,1,3
CLM-2022-10254,0,40,0.46359574230749423,1,10,1,1,0,0,2.0,0,10.932055703044348,0,97,53.6,17,3.2,10,6,0,2,4,14,3,2,3
CLM-2024-10255,0,43,0.6113368185976155,0,2,0,1,1,0,2.0,0,9.37091551354164,0,95,38.9,7,0.1,2,5,2,5,0,5,4,0,3
CLM-2022-10256,1,21,0.5235433809716576,1,11,3,1,1,0,3.0,0,12.458023027105465,0,308,47.6,16,6.3,11,1,2,1,2,9,6,0,3
CLM-2022-10257,0,41,0.8396476013465276,0,9,0,1,1,0,3.0,0,11.099147298945766,0,239,16.0,14,0.4,9,5,1,1,1,14,2,0,0
CLM-2022-10258,1,15,0.19323718696010034,1,16,0,1,0,0,3.0,0,11.991082700539746,0,300,80.7,10,9.1,16,7,6,1,1,10,7,1,3
CLM-2023-10259,0,28,0.8827804304017856,0,16,0,1,0,0,3.0,0,11.152696211952,0,263,11.7,19,0.4,16,1,3,5,5,0,4,1,0
CLM-2023-10260,1,2,0.38912812290345394,1,5,3,1,0,0,3.0,0,10.925641493696492,0,297,61.1,21,6.9,5,6,1,5,5,1,5,1,2
CLM-2023-10261,0,40,0.4707282478315835,1,2,3,1,0,0,2.0,0,11.78312724342117,0,111,52.9,25,3.6,2,5,0,4,5,10,4,3,4
CLM-2022-10262,0,15,0.598965472926662,1,14,3,1,0,0,3.0,0,7.532901952641334,0,302,40.1,8,3.1,14,0,0,2,0,6,4,2,3
CLM-2023-10263,0,11,0.8189856816638895,0,5,0,1,1,0,1.0,0,9.875324675537431,0,44,18.1,7,0.0,5,2,6,3,3,0,6,0,0
CLM-2022-10264,1,27,0.42361139390647734,1,11,0,1,0,0,3.0,0,11.352895318234706,0,271,57.6,24,6.9,11,8,6,3,2,8,3,3,2
CLM-2024-10265,0,19,0.24114038489205622,1,6,0,1,0,0,1.0,0,10.130353367623055,0,87,75.9,10,0.4,6,2,1,5,1,7,7,2,3
CLM-2022-10266,0,32,0.9869472511633741,0,11,0,1,0,0,0.0,0,12.704664642706124,0,17,1.3,12,0.7,11,0,5,1,1,11,4,2,0
CLM-2024-10267,1,26,0.31610939994106885,1,12,3,1,1,0,2.0,0,10.538474759038566,0,162,68.4,24,7.0,12,5,0,0,2,7,4,0,1
CLM-2024-10268,1,43,0.29438374575343174,1,14,0,1,0,0,3.0,0,11.211170025621682,0,266,70.6,22,5.3,14,6,2,2,1,13,1,3,4
CLM-2022-10269,0,20,0.3923839175836129,1,11,0,1,0,0,1.0,0,11.774530826158843,0,78,60.8,6,3.9,11,6,0,0,2,0,3,2,1
CLM-2022-10270,0,15,0.15122332572478023,1,9,3,1,0,0,3.0,0,12.229623972955979,0,291,84.9,18,4.5,9,7,0,2,1,4,5,2,3
CLM-2024-10271,0,45,0.49548414533892204,1,12,0,0,0,0,3.0,0,10.05130306464048,0,326,50.5,3,2.9,12,0,6,4,2,7,3,3,4
CLM-2023-10272,1,33,0.24690742222243242,1,6,2,1,0,0,3.0,0,13.8220260062579,0,332,75.3,12,9.1,6,2,4,0,4,11,2,2,3
CLM-2023-10273,0,14,0.7886387422302744,0,8,0,0,0,0,1.0,0,12.266123879461778,1,88,21.1,1,1.4,8,8,4,1,4,8,8,1,0
CLM-2024-10274,1,22,0.3016621139989749,1,10,0,1,1,0,3.0,0,11.012700785445116,0,310,69.8,5,6.0,10,1,1,0,5,4,8,0,1
CLM-2022-10275,0,4,0.39072473232852695,1,9,0,1,1,0,3.0,0,10.971434426893353,0,267,60.9,25,0.3,9,1,2,0,4,2,4,0,4
CLM-2024-10276,1,16,0.2705011154794376,1,1,0,1,1,0,4.0,0,13.973858249432148,0,378,72.9,5,8.7,1,3,5,4,3,3,3,0,2
CLM-2022-10277,0,15,0.4784225975650835,1,11,3,1,0,0,2.0,0,9.585188184503,0,114,52.2,15,2.9,11,7,0,0,0,1,6,1,1
CLM-2024-10278,0,27,0.3371767427080646,1,14,0,0,1,0,2.0,0,11.293669845843137,0,120,66.3,13,2.0,14,1,6,1,5,12,3,0,2
CLM-2023-10279,0,24,0.9938018073833532,0,11,0,1,1,0,2.0,0,10.793050662592504,0,91,0.6,5,1.0,11,6,0,1,5,11,3,0,0
CLM-2022-10280,1,41,0.5327208815432369,1,1,0,1,0,0,3.0,0,12.379736078711447,0,259,46.7,16,6.2,1,0,6,0,4,13,8,3,2
CLM-2022-10281,0,17,0.8856095316815944,0,1,0,1,1,0,3.0,0,12.359056530631422,0,256,11.4,22,0.5,1,6,0,0,2,5,3,0,0
CLM-2023-10282,1,43,0.41181772591421517,1,16,3,1,0,0,3.0,0,12.899731944934876,0,296,58.8,14,9.2,16,8,6,3,2,11,6,3,2
CLM-2022-10283,1,25,0.2792050231266126,1,12,0,1,1,0,4.0,0,10.962275959514717,0,396,72.1,19,7.2,12,6,2,2,2,5,0,0,2
CLM-2022-10284,0,2,0.4587875478623185,1,1,0,1,0,0,3.0,0,13.563213145283896,1,220,54.1,1,3.2,1,6,4,2,5,12,3,1,4
CLM-2023-10285,0,14,0.8218381258807836,0,2,0,1,0,0,1.0,0,8.672652157920288,0,43,17.8,20,0.1,2,6,6,2,0,1,3,1,0
CLM-2022-10286,0,43,0.8000192456680365,0,13,3,1,0,0,2.0,0,11.084578349136974,0,158,20.0,7,2.6,13,8,3,2,0,5,4,3,0
CLM-2024-10287,1,34,0.38874599757311895,1,8,3,1,0,0,3.0,0,12.452354509453194,0,294,61.1,9,9.7,8,4,6,1,5,1,5,3,1
CLM-2023-10288,1,36,0.645646564245904,0,14,0,1,0,0,3.0,0,12.314428047036996,0,242,35.4,13,8.6,14,0,1,5,5,3,7,1,3
CLM-2022-10289,0,26,0.5329486520284639,1,5,0,1,1,0,3.0,0,10.69444723402728,0,348,46.7,11,0.3,5,1,4,1,4,8,3,0,4
CLM-2024-10290,0,7,0.9924808628669118,0,15,0,1,0,0,2.0,0,12.710276624515336,0,116,0.8,11,1.1,15,4,6,3,3,12,5,2,0
CLM-2024-10291,0,43,0.5494703967356018,1,2,2,1,0,0,3.0,0,9.75834096393929,0,315,45.1,12,1.1,2,3,2,5,5,10,4,1,3
CLM-2024-10292,0,41,0.34515520334290056,1,14,0,1,0,0,1.0,0,10.568599646909393,0,87,65.5,9,4.3,14,4,6,0,5,10,3,3,1
CLM-2022-10293,0,42,0.43904690619969644,1,5,0,1,0,0,4.0,0,12.82672939885112,0,395,56.1,14,2.1,5,6,1,0,4,1,5,2,2
CLM-2024-10294,1,6,0.30456675030916025,1,13,3,1,0,0,2.0,0,11.559278471205282,0,149,69.5,16,8.3,13,3,0,4,0,2,4,3,1
CLM-2022-10295,0,30,0.4981768542458455,1,16,1,0,0,0,3.0,0,9.141394285109099,0,274,50.2,5,1.8,16,3,5,0,0,11,4,2,1
CLM-2022-10296,1,40,0.27415897576951975,1,15,3,1,0,0,2.0,0,13.397971902022183,0,139,72.6,14,8.7,15,0,3,0,2,2,5,1,3
CLM-2022-10297,1,43,0.42946961610017526,1,2,6,1,1,0,3.0,0,14.023281116011304,0,186,57.1,18,10.0,2,4,4,0,5,3,8,0,2
CLM-2024-10298,0,9,0.39960527592879297,1,9,0,1,0,0,2.0,0,11.608575223474816,0,165,60.0,15,1.5,9,5,3,5,1,7,3,2,3
CLM-2023-10299,0,28,0.28480722328228003,1,16,2,1,0,0,4.0,0,13.016449619847533,0,366,71.5,2,4.5,16,7,2,0,3,6,5,3,1
CLM-2024-10300,0,14,0.4250643207800299,1,1,0,0,0,0,3.0,0,10.783373187686218,0,344,57.5,10,2.2,1,2,3,4,0,0,8,1,2
CLM-2022-10301,0,43,0.25174142515112635,1,2,0,1,0,0,2.0,0,9.846956882800086,0,142,74.8,5,0.1,2,7,2,5,4,9,4,2,2
CLM-2024-10302,0,25,0.4838477259173409,1,10,1,0,1,0,2.0,0,11.641810027784889,0,111,51.6,13,0.5,10,2,0,5,0,13,3,0,4
CLM-2023-10303,0,12,0.8585264535598975,0,14,0,1,0,0,3.0,0,10.055743724630643,0,193,14.1,15,0.3,14,0,4,0,5,5,6,3,0
CLM-2023-10304,1,19,0.4205607017603859,1,3,0,1,1,0,3.0,0,11.607725878502166,0,272,57.9,16,5.0,3,8,0,0,2,4,3,0,1
CLM-2024-10305,1,21,0.4261625305081647,1,15,1,1,1,0,3.0,0,11.345947077441961,0,365,57.4,4,7.3,15,7,4,5,5,1,3,0,2
CLM-2023-10306,1,32,0.3408400030490876,1,12,3,0,1,0,3.0,0,12.918359292367159,0,341,65.9,13,9.5,12,6,6,5,0,1,0,0,1
CLM-2023-10307,0,10,0.38699453130793776,1,1,0,0,0,0,2.0,0,10.852165897325454,0,159,61.3,21,0.8,1,2,1,0,1,10,7,1,3
CLM-2024-10308,0,39,0.5497079368891669,1,2,0,1,1,0,3.0,0,11.99668368957103,0,258,45.0,11,3.0,2,6,3,3,0,0,5,0,2
CLM-2024-10309,0,2,0.7903341649000211,0,7,0,1,1,0,3.0,0,8.659598593293335,0,234,21.0,9,0.0,7,5,3,3,1,1,6,0,0
CLM-2022-10310,1,43,0.30198733188223337,1,6,0,1,0,0,2.0,0,14.286197965880081,0,149,69.8,22,8.4,6,7,0,4,3,0,7,3,2
CLM-2023-10311,1,32,0.327346644,1,11,0,1,0,0,3.0,0,14.731801689838349,0,292,67.3,17,8.7,11,0,6,2,3,9,0,1,2
CLM-2024-10312,0,41,0.2854178352526378,1,7,1,1,1,0,1.0,0,11.910064541004095,0,58,71.5,20,0.8,7,2,5,2,3,8,6,0,1
CLM-2023-10313,1,19,0.40150682342675953,1,3,2,1,1,0,3.0,0,13.688721050529571,0,247,59.8,7,9.5,3,5,5,2,2,1,2,0,2
CLM-2023-10314,1,1,0.4086743508826556,1,3,0,1,0,0,3.0,0,14.102707072551913,0,231,59.1,14,8.7,3,5,2,0,1,13,8,3,3
CLM-2023-10315,0,18,0.4331203509255896,1,5,3,1,0,0,3.0,0,11.379497038473083,0,181,56.7,13,3.5,5,6,3,5,2,13,6,3,4
CLM-2024-10316,1,14,0.41553575725017683,1,11,0,1,1,0,3.0,0,13.364638523079332,0,281,58.4,18,9.9,11,2,0,5,5,11,8,0,2
CLM-2022-10317,1,20,0.2515640322807886,1,11,5,1,0,0,1.0,0,12.617512668232619,0,68,74.8,9,9.7,11,8,6,1,1,0,8,2,4
CLM-2024-10318,0,27,0.7704867925611643,0,2,1,1,1,0,4.0,0,12.361919785554758,0,369,23.0,11,3.3,2,2,3,3,5,13,7,0,0
CLM-2022-10319,0,9,0.9920079586036092,0,4,0,1,0,0,3.0,0,11.487561399505822,0,253,0.8,15,3.5,4,3,3,5,2,5,3,3,0
CLM-2023-10320,0,10,0.29264192446439913,1,14,0,0,0,0,3.0,0,11.668419784566286,0,253,70.7,2,2.3,14,4,2,0,4,7,1,2,4
CLM-2022-10321,0,29,0.45016621092354553,1,5,0,1,0,0,3.0,0,10.558186221718243,0,263,55.0,11,0.3,5,5,0,5,0,4,4,3,1
CLM-2024-10322,0,6,0.30772867774264345,1,2,0,1,0,0,1.0,0,8.89822078772639,0,68,69.2,23,0.0,2,8,1,4,1,7,4,1,2
CLM-2023-10323,0,12,0.9649121136273785,0,11,0,1,1,0,2.0,0,12.945569108969186,0,179,3.5,18,0.3,11,4,0,3,1,9,4,0,0
CLM-2022-10324,0,10,0.3472652155413113,1,13,0,1,0,0,1.0,0,9.53557758859868,0,55,65.3,2,0.5,13,0,1,0,1,2,4,1,2
CLM-2022-10325,1,36,0.5390423486640391,1,4,0,0,0,0,0.0,0,11.170583877358252,0,14,46.1,15,6.8,4,8,5,1,2,4,8,2,2
CLM-2022-10326,1,42,0.2501628770741527,1,16,2,1,0,0,3.0,0,13.330382959890658,0,322,75.0,18,9.4,16,4,6,2,0,0,3,1,2
CLM-2024-10327,0,40,0.95051413947972,0,11,0,1,0,0,3.0,0,14.11482490491954,0,226,4.9,3,2.6,11,4,6,5,3,0,5,2,0
CLM-2024-10328,0,35,0.190574366144468,1,3,0,0,0,0,4.0,0,11.555109859002659,1,395,80.9,1,1.3,3,0,6,4,4,3,5,3,3
CLM-2024-10329,1,13,0.43403281690814377,1,10,2,1,0,0,4.0,0,12.840645139220587,0,368,56.6,12,8.9,10,3,1,5,2,0,3,3,4
CLM-2023-10330,1,37,0.42644934631620945,1,3,0,1,0,0,3.0,0,11.81916821735014,0,354,57.4,19,8.9,3,4,4,1,5,1,3,2,1
CLM-2022-10331,1,8,0.3899760233444134,1,12,3,1,0,0,3.0,0,11.162639922405894,0,213,61.0,21,9.4,12,0,5,4,1,0,3,3,1
CLM-2022-10332,0,2,0.3939897614549856,1,1,0,1,0,0,1.0,0,9.881562955453669,0,37,60.6,23,0.1,1,5,6,4,2,6,6,1,4
CLM-2023-10333,0,25,0.573846255358848,1,3,4,1,0,0,1.0,0,9.990798551301337,0,36,42.6,25,2.5,3,0,6,1,4,0,6,3,3
CLM-2023-10334,0,28,0.5139814345367973,1,4,1,1,1,0,3.0,0,11.89241682351573,0,201,48.6,20,3.1,4,0,3,2,0,10,3,0,1
CLM-2024-10335,1,4,0.4422611352646187,1,12,3,1,0,0,1.0,0,11.694477308944593,0,75,55.8,12,8.7,12,8,6,2,0,9,3,2,3
CLM-2022-10336,0,13,0.8003153309463573,0,3,4,1,1,0,3.0,0,10.966398913000475,0,181,20.0,8,1.4,3,3,5,2,4,12,4,0,0
CLM-2023-10337,1,41,0.31908220490662026,1,7,4,1,0,0,2.0,0,12.769429028707949,0,117,68.1,6,9.8,7,7,5,1,5,6,7,2,2
CLM-2023-10338,1,3,0.5425927834784426,1,7,0,1,0,0,4.0,0,12.873393016791765,1,396,45.7,1,6.2,7,4,1,1,2,2,7,2,4
CLM-2022-10339,0,16,0.3617050528795513,1,6,0,1,1,0,2.0,0,12.104454064538618,0,161,63.8,22,1.8,6,6,5,4,3,3,4,0,2
CLM-2022-10340,0,41,0.9489025247238471,0,5,0,1,0,0,2.0,0,9.299240963276118,0,131,5.1,2,0.1,5,7,1,4,1,3,5,1,0
CLM-2024-10341,0,41,0.9802963137843198,0,2,0,1,0,0,3.0,0,10.577034140389532,0,302,2.0,11,0.2,2,3,1,1,0,2,5,1,0
CLM-2023-10342,1,22,0.3778306920133439,1,15,1,1,0,0,3.0,0,12.81201084776045,0,267,62.2,25,8.9,15,6,2,3,4,14,2,1,2
CLM-2023-10343,0,17,0.3408143542452611,1,9,2,1,1,0,2.0,0,9.240586316722009,0,105,65.9,9,0.4,9,2,6,1,1,11,4,0,4
CLM-2024-10344,1,31,0.8084307745388614,0,15,0,1,0,0,4.0,0,11.649718046632415,0,375,19.2,21,7.2,15,7,2,5,4,12,7,3,0
CLM-2022-10345,0,45,0.4188021410935301,1,11,0,1,0,0,3.0,0,10.458875845766034,0,222,58.1,24,0.5,11,0,4,4,1,11,5,2,3
CLM-2022-10346,0,11,0.20215682436739413,1,6,0,1,1,0,2.0,0,9.624048744166712,0,160,79.8,18,0.8,6,7,0,0,5,13,3,0,3
CLM-2022-10347,0,31,0.47294313760839857,1,13,1,1,1,0,3.0,0,8.250178731530115,0,279,52.7,6,0.2,13,2,6,1,1,3,4,0,4
CLM-2022-10348,1,34,0.43461459361480514,1,16,3,1,0,0,3.0,0,11.12477975643999,0,314,56.5,7,9.3,16,7,4,3,1,5,3,2,3
CLM-2022-10349,0,7,0.8483878594820524,0,2,0,1,0,0,2.0,0,11.933066157957263,0,98,15.2,8,0.6,2,2,2,1,4,1,7,3,0
CLM-2024-10350,1,3,0.38865026410870307,1,3,0,1,0,0,2.0,0,12.434346175971898,0,111,61.1,3,8.5,3,7,3,5,5,1,8,2,1
CLM-2023-10351,0,11,0.2554198409650462,1,4,0,1,0,0,3.0,0,12.031430526230087,0,246,74.5,15,1.1,4,4,0,1,2,9,6,3,2
CLM-2024-10352,1,42,0.44801212812766594,1,4,1,1,0,0,3.0,0,11.366267494556618,0,330,55.2,7,6.0,4,4,3,3,5,13,6,1,1
CLM-2022-10353,0,11,0.4037498759023671,1,11,0,1,0,0,1.0,0,10.084727691475184,1,54,59.6,1,1.7,11,8,5,2,1,7,4,3,4
CLM-2022-10354,0,3,0.27019930576214696,1,7,3,1,1,0,2.0,0,10.693522531441955,0,147,73.0,13,2.1,7,4,6,3,2,10,4,0,2
CLM-2024-10355,1,5,0.43256001070558164,1,15,3,1,0,0,3.0,0,12.02091515126421,0,346,56.7,11,6.8,15,8,5,3,3,2,4,1,2
CLM-2024-10356,0,16,0.6117045681081771,0,15,3,1,0,0,2.0,0,10.694076049505654,0,109,38.8,20,1.0,15,5,1,5,1,9,3,1,3
CLM-2023-10357,1,39,0.5863528907699979,1,11,0,0,0,0,3.0,0,13.210305809161255,0,356,41.4,8,7.3,11,7,5,1,3,13,0,2,3
CLM-2022-10358,1,12,0.3409302077228525,1,15,0,1,0,0,2.0,0,12.865495112225986,0,130,65.9,8,8.3,15,3,2,5,0,8,0,1,4
CLM-2023-10359,1,17,0.34175438510817185,1,10,0,1,0,0,4.0,0,10.109441810819588,0,377,65.8,14,9.0,10,8,4,3,1,11,5,3,1
CLM-2023-10360,0,5,0.8521969152849167,0,2,0,0,0,0,3.0,0,11.468030918021222,0,333,14.8,13,0.1,2,6,4,0,1,2,1,3,0
CLM-2022-10361,0,45,0.4497026904919451,1,5,0,1,0,0,3.0,0,12.392066492870372,0,351,55.0,24,4.7,5,7,5,2,5,6,5,3,4
CLM-2022-10362,0,43,0.5159956394041023,1,10,0,0,1,0,3.0,0,9.264751849772853,0,261,48.4,17,0.6,10,6,6,5,5,0,6,0,1
CLM-2024-10363,0,11,0.30292021578713685,1,6,0,1,0,0,2.0,0,9.988741427690442,0,152,69.7,16,0.3,6,2,1,5,4,0,6,1,2
CLM-2023-10364,0,25,0.21234077489734585,1,3,0,0,0,0,2.0,0,12.67755209147252,0,155,78.8,14,0.1,3,0,4,2,3,0,4,2,3
CLM-2022-10365,0,31,0.431311410561267,1,11,3,1,0,0,2.0,0,10.942010961269157,0,141,56.9,17,2.7,11,5,2,2,0,9,4,1,4
CLM-2022-10366,1,24,0.3855754256954874,1,16,3,0,0,0,4.0,0,13.774331260035424,0,389,61.4,24,8.1,16,6,5,4,3,9,0,3,4
CLM-2022-10367,0,25,0.33815886021768377,1,7,0,1,0,0,3.0,0,9.917388485316586,0,248,66.2,13,1.6,7,2,6,5,0,8,4,3,1
CLM-2024-10368,1,7,0.4647295513897982,1,6,3,1,0,0,4.0,0,12.887702657387369,0,390,53.5,4,10.0,6,6,6,2,1,11,7,3,1
CLM-2023-10369,0,28,0.4925342465537895,1,8,0,0,1,0,3.0,0,10.36659590138113,0,333,50.7,21,3.2,8,1,2,2,5,10,3,0,2
CLM-2022-10370,1,44,0.2878922174072497,1,8,0,1,1,0,4.0,0,12.137980511114902,0,399,71.2,10,7.2,8,6,0,0,1,1,1,0,2
CLM-2024-10371,0,31,0.8039262924941791,0,10,1,1,0,0,4.0,0,12.026918287861765,0,366,19.6,24,1.5,10,6,0,5,4,0,4,1,0
CLM-2023-10372,0,5,0.4083533063333114,1,10,0,1,0,0,3.0,0,10.980568700889789,1,205,59.2,1,4.7,10,3,5,2,5,1,6,1,1
CLM-2024-10373,0,24,0.5129787559792799,1,4,0,1,0,0,4.0,0,14.678336996326234,0,381,48.7,23,3.6,4,2,3,5,3,0,7,3,3
CLM-2023-10374,0,42,0.9363000664976495,0,3,0,0,0,0,3.0,0,12.83160671657939,0,310,6.4,5,0.1,3,6,2,3,4,11,4,3,0
CLM-2024-10375,0,20,0.19972070759995028,1,3,3,1,0,0,3.0,0,9.511460744643367,0,335,80.0,9,3.1,3,8,1,5,0,10,6,3,3
CLM-2023-10376,0,3,0.7822040022138046,0,7,0,0,0,0,2.0,0,13.79423503048298,0,165,21.8,22,0.3,7,2,0,5,3,0,3,1,0
CLM-2024-10377,0,34,0.5232350758346056,1,12,1,1,0,0,3.0,0,10.10520479109006,0,256,47.7,2,0.7,12,8,4,4,0,4,4,2,4
CLM-2022-10378,1,26,0.6223702412370232,0,14,0,1,0,0,3.0,0,13.087424791642906,0,337,37.8,9,8.1,14,2,4,5,1,9,4,2,3
CLM-2022-10379,1,5,0.8828675056914496,0,14,4,1,0,0,3.0,0,11.48316354010068,0,314,11.7,5,8.7,14,5,5,0,5,1,3,3,0
CLM-2022-10380,0,7,0.4086879714540915,1,10,0,0,0,0,3.0,0,10.579206489718063,0,306,59.1,13,1.5,10,4,4,4,1,0,7,1,4
CLM-2022-10381,1,41,0.9936249181680261,0,8,0,1,0,0,2.0,0,10.84356277746783,1,141,0.6,1,5.1,8,6,5,5,1,6,7,2,0
CLM-2023-10382,0,6,0.17870573380368177,1,10,3,1,1,0,1.0,0,10.651237968579798,0,44,82.1,10,3.0,10,7,6,4,3,12,4,0,3
CLM-2022-10383,0,3,0.4322121898368805,1,6,0,1,1,0,3.0,0,10.541578842697945,0,275,56.8,23,0.1,6,8,1,5,2,11,5,0,4
CLM-2022-10384,1,20,0.3949374227051513,1,9,0,1,0,0,1.0,0,12.18196205728077,0,65,60.5,4,7.6,9,0,5,1,3,6,1,2,1
CLM-2024-10385,0,26,0.8386330781836138,0,4,1,1,1,0,4.0,0,12.170770855357285,0,374,16.1,12,0.7,4,7,1,3,5,4,7,0,0
CLM-2022-10386,0,11,0.2199372310909348,1,14,0,1,0,0,3.0,0,10.684907023133952,0,229,78.0,12,1.3,14,5,6,0,0,7,5,3,3
CLM-2024-10387,0,26,0.4009293214890373,1,13,0,0,0,0,1.0,0,11.96728181150473,0,70,59.9,22,0.3,13,1,0,1,0,2,4,3,3
CLM-2022-10388,1,12,0.32484004425876895,1,4,0,1,0,0,4.0,0,11.86525150612479,0,378,67.5,16,5.3,4,3,5,2,0,13,3,3,1
CLM-2023-10389,0,13,0.7627388623074436,0,14,0,1,0,0,0.0,0,10.591387490365591,0,14,23.7,4,1.2,14,4,5,4,5,1,5,1,0
CLM-2024-10390,0,43,0.47342628118383134,1,7,0,1,0,0,0.0,0,10.131666405414878,0,5,52.7,9,0.0,7,7,2,2,2,9,5,2,4
CLM-2024-10391,0,38,0.3652147513212401,1,4,0,0,0,0,2.0,0,11.255541856417931,0,146,63.5,12,0.0,4,1,0,1,2,6,4,2,4
CLM-2024-10392,1,24,0.3845443365101204,1,4,0,1,0,0,3.0,0,9.549914222188606,0,291,61.5,2,5.7,4,1,3,3,0,10,1,1,1
CLM-2023-10393,0,25,0.41874960914263903,1,13,1,1,0,0,3.0,0,11.812739052119667,0,229,58.1,24,0.9,13,4,1,3,1,5,4,1,4
CLM-2022-10394,1,16,0.9099038359048072,0,9,3,1,0,0,0.0,0,13.471846222089336,0,28,9.0,8,7.0,9,4,6,1,3,1,6,2,0
CLM-2022-10395,0,4,0.2531224588621184,1,12,3,1,1,0,2.0,0,11.888399778208134,0,155,74.7,23,4.1,12,4,1,1,3,10,6,0,2
CLM-2023-10396,0,15,0.9324530775581406,0,14,0,1,0,0,1.0,0,9.81085403726697,0,84,6.8,8,1.7,14,2,3,2,0,1,8,3,0
CLM-2022-10397,0,7,0.4672920996191288,1,5,0,1,0,0,3.0,0,12.203682391146852,0,237,53.3,6,0.9,5,0,4,5,1,3,3,1,4
CLM-2022-10398,1,6,0.39021273144656665,1,15,4,1,0,0,4.0,0,12.12654198173979,0,381,61.0,5,9.1,15,4,2,1,0,13,7,2,3
CLM-2023-10399,0,25,0.2942129486071662,1,10,2,0,0,0,2.0,0,12.578476538436211,0,121,70.6,4,1.1,10,6,5,1,5,12,3,2,4
CLM-2024-10400,0,44,0.37757253650293904,1,10,0,1,1,0,3.0,0,7.234047301186123,0,312,62.2,12,0.3,10,4,2,4,0,3,6,0,4
CLM-2022-10401,0,28,0.6297927088567877,0,9,0,0,0,0,1.0,0,10.902421484792827,0,62,37.0,5,0.3,9,1,2,1,4,13,1,2,3
CLM-2022-10402,1,25,0.46447631717324034,1,8,3,1,0,0,3.0,0,12.122252299055535,0,279,53.6,13,8.7,8,1,1,5,2,14,5,1,2
CLM-2023-10403,0,14,0.49834655163494407,1,2,0,0,0,0,3.0,0,10.920265223462824,0,220,50.2,25,0.2,2,2,0,5,4,4,5,2,4
CLM-2024-10404,1,10,0.39092938148149214,1,5,4,1,0,0,3.0,0,11.290202950007773,1,296,60.9,1,6.1,5,8,5,5,5,14,4,1,4
CLM-2023-10405,0,36,0.46342203302846335,1,9,0,1,1,0,3.0,0,12.315847926753912,0,221,53.7,21,2.6,9,8,2,4,2,13,3,0,4
CLM-2024-10406,1,31,0.4425671768086298,1,13,1,1,0,0,3.0,0,9.483601967341732,0,359,55.7,13,7.0,13,0,6,1,0,4,4,1,1
CLM-2023-10407,0,41,0.6146003435546947,0,8,3,0,0,0,3.0,0,8.830725742458128,0,287,38.5,18,0.5,8,1,4,2,0,10,6,1,3
CLM-2024-10408,0,22,0.3721858342615877,1,4,1,0,0,0,3.0,0,10.035856582378699,0,350,62.8,17,0.3,4,2,0,4,0,9,4,3,2
CLM-2024-10409,0,42,0.40698579856203965,1,11,0,0,0,0,4.0,0,9.553150339826606,0,378,59.3,22,0.3,11,2,2,3,0,12,6,1,4
CLM-2023-10410,1,7,0.234858819647738,1,10,3,1,0,0,1.0,0,13.357492256866369,0,49,76.5,19,9.6,10,1,2,1,0,7,8,1,3
CLM-2024-10411,1,29,0.36001972941603605,1,11,0,1,0,0,3.0,0,10.352811957887127,0,322,64.0,4,8.7,11,1,5,2,1,1,8,1,2
CLM-2023-10412,0,43,0.3897632501100825,1,15,4,1,1,0,3.0,0,10.320284215386236,0,203,61.0,10,2.4,15,1,1,0,3,8,6,0,4
CLM-2024-10413,0,21,0.8920515968339916,0,13,0,1,0,0,1.0,0,11.203585204734226,0,79,10.8,23,0.5,13,5,6,0,1,14,4,1,0
CLM-2023-10414,0,43,0.5965366816813545,1,6,0,1,0,0,3.0,0,11.185337506020845,0,273,40.3,3,4.0,6,1,3,0,0,13,3,1,3
CLM-2023-10415,0,1,0.2951517573583237,1,15,0,1,1,0,3.0,0,10.04527656944157,0,345,70.5,18,4.9,15,7,6,1,4,14,5,0,2
CLM-2023-10416,0,13,0.42305092751522705,1,1,0,1,1,0,3.0,0,13.944853093313323,0,183,57.7,7,3.8,1,5,0,2,3,1,6,0,1
CLM-2023-10417,1,12,0.4158260927421556,1,6,0,1,0,0,3.0,0,11.344129108887822,0,224,58.4,18,8.7,6,6,3,4,5,11,3,2,1
CLM-2023-10418,0,33,0.4243700674852892,1,2,0,0,1,0,3.0,0,13.389572318222129,0,329,57.6,20,3.8,2,4,6,5,5,12,8,0,4
CLM-2023-10419,0,20,0.501545201396097,1,14,3,0,0,0,3.0,0,11.076385702296689,0,342,49.8,21,1.1,14,3,0,5,3,14,6,3,2
CLM-2023-10420,1,9,0.6196958558483434,0,13,0,1,0,0,3.0,0,14.434674688567394,0,300,38.0,18,8.6,13,2,3,5,4,0,7,1,3
CLM-2023-10421,1,10,0.4622727723325562,1,3,6,1,0,0,4.0,0,14.482840251875182,0,399,53.8,11,9.5,3,6,0,4,0,1,7,1,1
CLM-2024-10422,0,7,0.20546579734311016,1,4,0,1,0,0,3.0,0,10.440586295331471,0,331,79.5,25,1.2,4,2,2,0,1,3,3,3,3
CLM-2023-10423,1,11,0.3039419271287311,1,1,0,0,0,0,2.0,0,13.236581256547005,0,165,69.6,3,5.1,1,0,0,1,4,7,7,3,1
CLM-2023-10424,0,9,0.2598805266817079,1,5,0,0,1,0,0.0,0,11.712021539549173,0,20,74.0,17,0.0,5,4,3,2,3,9,6,0,3
CLM-2022-10425,0,38,0.8278962643559844,0,7,0,1,0,0,1.0,0,12.211549221673138,0,57,17.2,9,0.4,7,7,3,5,5,12,5,1,0
CLM-2023-10426,0,39,0.5633423625792812,1,12,0,1,0,0,3.0,0,8.48560344820956,0,214,43.7,21,0.1,12,0,0,3,4,5,6,2,3
CLM-2022-10427,0,36,0.1831175970980977,1,10,0,1,1,0,2.0,0,10.30150264473028,1,169,81.7,1,0.3,10,3,4,4,4,3,6,0,3
CLM-2022-10428,1,11,0.43042918582646716,1,13,0,1,0,0,1.0,0,12.381146291226475,0,68,57.0,7,5.3,13,0,2,1,5,10,3,1,2
CLM-2022-10429,0,23,0.8500860406969262,0,11,3,0,0,0,2.0,0,10.233273917013195,0,145,15.0,21,2.9,11,0,3,3,4,2,7,2,0
CLM-2023-10430,0,45,0.5104032131044258,1,9,0,0,1,0,3.0,0,8.245489449486652,0,280,49.0,11,0.1,9,1,0,0,4,5,6,0,4
CLM-2023-10431,1,43,0.4082766867481568,1,16,3,1,0,0,3.0,0,11.294770450191438,0,216,59.2,11,9.9,16,7,2,5,2,12,8,1,1
CLM-2023-10432,0,13,0.8719114071766759,0,11,0,1,0,0,3.0,0,11.398910720378364,0,244,12.8,23,1.6,11,8,4,1,0,12,8,1,0
CLM-2023-10433,0,37,0.22364486563698288,1,4,0,1,0,0,1.0,0,13.8230937031042,0,89,77.6,15,4.3,4,1,1,5,5,2,7,3,3
CLM-2022-10434,0,7,0.26474032843753226,1,13,1,1,0,0,2.0,0,12.772478471748752,0,144,73.5,14,2.9,13,6,1,5,2,8,5,2,4
CLM-2023-10435,0,15,0.5147800528619364,1,13,4,0,1,0,1.0,0,11.46090885642247,0,56,48.5,8,1.0,13,6,0,3,4,4,3,0,4
CLM-2022-10436,0,11,0.8287781247331948,0,3,0,1,1,0,3.0,0,13.294353919227444,0,357,17.1,4,4.9,3,2,2,1,1,2,7,0,0
CLM-2023-10437,0,44,0.6452059448413644,0,8,4,0,0,0,0.0,0,8.280270137318649,0,13,35.5,16,0.1,8,8,1,4,2,6,6,2,3
CLM-2022-10438,1,31,0.45573524188932774,1,1,6,1,0,0,3.0,0,9.855516627698497,0,270,54.4,12,8.8,1,6,6,1,5,6,5,2,2
CLM-2022-10439,0,12,0.2826546453231693,1,12,0,1,0,0,3.0,0,10.758697033354585,0,235,71.7,13,4.0,12,6,4,2,0,3,3,1,3
CLM-2023-10440,1,43,0.29878204483797627,1,16,0,1,0,0,2.0,0,14.132622764185992,0,153,70.1,4,9.0,16,1,6,2,3,4,8,2,1
CLM-2023-10441,0,10,0.5361055479240674,1,9,3,1,0,0,3.0,0,11.343441749324468,0,262,46.4,12,1.9,9,3,3,1,4,0,3,3,2
CLM-2024-10442,1,44,0.480297561576195,1,9,0,1,0,0,3.0,0,8.44044820693819,0,301,52.0,10,5.0,9,6,4,1,2,7,4,2,1
CLM-2022-10443,0,30,0.3761516918344371,1,14,0,1,0,0,3.0,0,12.736652189523822,0,186,62.4,17,5.0,14,0,4,3,3,7,3,1,1
CLM-2022-10444,0,26,0.8657019800551539,0,15,4,1,0,0,3.0,0,11.912642618526625,0,206,13.4,20,1.5,15,1,0,0,3,7,4,1,0
CLM-2023-10445,0,20,0.4384718374765634,1,1,1,1,1,0,3.0,0,14.359779050627083,0,350,56.2,23,4.2,1,3,0,3,3,10,7,0,4
CLM-2022-10446,0,40,0.45439612735561546,1,4,0,1,0,0,3.0,0,12.32165307946159,0,284,54.6,2,0.9,4,2,5,3,3,10,4,3,4
CLM-2022-10447,1,30,0.37506883347727066,1,14,0,1,0,0,3.0,0,10.556044742910732,0,362,62.5,22,8.0,14,0,2,1,1,4,8,2,1
CLM-2023-10448,0,23,0.5207652840938423,1,13,0,0,0,0,3.0,0,10.436875521483222,0,262,47.9,24,0.5,13,1,1,4,3,12,6,3,2
CLM-2024-10449,1,17,0.2888265227287857,1,11,0,1,1,0,3.0,0,11.0897431296069,0,264,71.1,21,7.0,11,5,4,4,4,11,8,0,2
CLM-2024-10450,0,27,0.526712702649182,1,2,0,0,0,0,2.0,0,11.626308970203164,0,94,47.3,11,1.8,2,4,0,4,0,0,8,3,4
CLM-2022-10451,1,15,0.29862687799088977,1,7,0,1,0,0,3.0,0,13.073161347429819,0,229,70.1,13,6.5,7,0,5,0,4,5,3,3,2
CLM-2024-10452,0,29,0.36375591288193754,1,13,0,1,0,0,1.0,0,10.61097294784335,0,75,63.6,7,2.0,13,1,1,0,0,6,8,1,3
CLM-2024-10453,0,34,0.6159045587600276,0,10,4,0,0,0,3.0,0,11.268881641668255,0,299,38.4,13,2.6,10,0,4,3,1,9,3,2,3
CLM-2024-10454,0,32,0.18645525113123876,1,2,0,1,1,0,1.0,0,8.8011608740553,0,36,81.4,5,0.2,2,1,3,2,5,9,6,0,3
CLM-2024-10455,0,2,0.48208390964557996,1,7,0,0,0,0,0.0,0,9.842310840846121,0,15,51.8,21,0.0,7,6,5,4,2,2,4,1,4
CLM-2024-10456,1,16,0.31961004560148704,1,1,0,1,1,0,3.0,0,11.577522984367368,0,228,68.0,15,8.3,1,6,5,1,0,14,8,0,1
CLM-2024-10457,0,26,0.38935073347689675,1,4,0,0,0,0,1.0,0,10.866584958954585,0,71,61.1,10,0.5,4,1,0,5,5,3,7,1,3
CLM-2023-10458,1,32,0.31106647641701796,1,5,5,1,0,0,4.0,0,12.143859525217788,0,366,68.9,11,9.7,5,3,2,4,1,11,8,2,2
CLM-2024-10459,1,18,0.3651808769219006,1,1,0,1,1,0,1.0,0,11.853679592626124,1,48,63.5,1,7.8,1,6,3,3,5,0,7,0,1
CLM-2022-10460,0,22,0.9314465830567166,0,14,0,0,1,0,4.0,0,12.867249735528148,0,392,6.9,20,3.2,14,0,6,3,5,14,5,0,0
CLM-2022-10461,1,19,0.36838036951726316,1,9,0,1,0,0,4.0,0,13.139705961666563,0,399,63.2,5,8.8,9,4,5,2,3,11,5,1,1
CLM-2023-10462,0,27,0.1792928038898593,1,3,3,1,0,0,3.0,0,9.13389767647574,1,289,82.1,1,2.7,3,8,2,2,0,10,4,3,3
CLM-2022-10463,0,4,0.6459855691734994,0,9,0,1,0,0,3.0,0,12.32872792583558,0,288,35.4,4,4.5,9,5,4,0,4,0,5,1,3
CLM-2024-10464,1,19,0.34796222646304215,1,12,3,1,0,0,3.0,0,11.235421684185255,0,333,65.2,11,7.5,12,6,5,2,0,10,5,1,4
CLM-2023-10465,0,14,0.4248056503334681,1,5,3,1,0,0,4.0,0,9.87635425138714,0,369,57.5,11,1.1,5,1,0,3,1,6,6,1,4
CLM-2022-10466,0,24,0.3444449123399292,1,4,3,1,0,0,2.0,0,13.01648953001431,0,173,65.6,11,4.2,4,3,3,5,5,14,3,3,4
CLM-2024-10467,0,43,0.7845350704268407,0,9,0,1,0,0,3.0,0,11.835365567215574,0,213,21.5,14,0.1,9,5,2,2,3,4,6,3,0
CLM-2022-10468,0,28,0.30008075829595277,1,3,0,1,0,0,1.0,0,10.056959001738484,0,69,70.0,4,3.1,3,8,6,1,1,5,5,1,1
CLM-2024-10469,1,28,0.3367873435019393,1,16,0,0,1,0,3.0,0,10.997325127043851,0,327,66.3,24,6.5,16,2,5,5,2,1,3,0,2
CLM-2022-10470,1,4,0.4192393813220413,1,14,0,1,0,0,3.0,0,11.680380646106526,0,257,58.1,6,9.3,14,5,3,2,0,2,2,3,1
CLM-2023-10471,0,17,0.9972015162048196,0,4,0,1,0,0,2.0,0,9.377993200433426,0,91,0.3,4,0.5,4,4,1,1,5,7,0,2,0
CLM-2022-10472,0,34,0.8634623799082017,0,4,3,1,1,0,3.0,0,10.0828702116645,0,223,13.7,16,1.4,4,1,3,5,1,9,3,0,0
CLM-2023-10473,0,3,0.36668881649939694,1,11,0,0,0,0,1.0,0,12.882958296201437,0,42,63.3,6,2.5,11,8,5,1,4,1,3,2,3
CLM-2024-10474,1,1,0.3972073530633949,1,7,0,1,0,0,3.0,0,13.38619871316183,0,269,60.3,16,8.0,7,2,0,5,1,2,3,1,2
CLM-2023-10475,0,19,0.7741335134590323,0,4,0,1,0,0,3.0,0,10.026688772176593,0,283,22.6,8,0.3,4,6,3,2,5,5,4,2,0
CLM-2023-10476,1,36,0.4815395947711134,1,9,0,1,0,0,3.0,0,11.530961827456327,0,214,51.8,16,5.4,9,5,3,5,1,11,1,3,1
CLM-2023-10477,0,40,0.43148842056654513,1,1,0,1,0,0,1.0,0,10.65902696823379,0,61,56.9,15,2.1,1,0,6,5,4,7,6,2,2
CLM-2023-10478,0,14,0.888237792,0,8,0,1,0,0,2.0,0,14.731801689838349,0,174,11.2,18,1.6,8,0,6,0,3,10,3,1,0
CLM-2022-10479,1,18,0.5085950948852973,1,3,3,1,0,0,3.0,0,12.3514196147411,0,210,49.1,21,5.7,3,8,5,0,2,13,5,1,2
CLM-2024-10480,0,7,0.8160674371295583,0,16,0,0,0,0,3.0,0,11.46753680910645,0,239,18.4,20,1.7,16,4,3,3,0,1,7,1,0
CLM-2022-10481,0,29,0.3609465750312779,1,4,1,1,0,0,4.0,0,10.761956780186255,0,399,63.9,12,0.5,4,4,2,5,2,12,1,3,4
CLM-2022-10482,1,4,0.27601193338248753,1,10,3,1,0,0,4.0,0,11.637113544469038,0,394,72.4,13,9.1,10,5,6,5,3,2,4,1,3
CLM-2022-10483,1,7,0.769376112,0,5,0,1,0,0,4.0,0,14.731801689838349,0,380,23.1,11,7.1,5,2,4,0,3,14,2,3,0
CLM-2024-10484,1,34,0.9723862501897523,0,6,3,1,0,0,4.0,0,11.913983342154589,0,373,2.8,24,9.1,6,4,4,1,0,9,2,1,0
CLM-2024-10485,1,45,0.45821349693334934,1,15,4,1,0,0,0.0,0,10.982723153183045,0,7,54.2,17,5.8,15,1,0,2,3,5,4,1,2
CLM-2024-10486,0,35,0.4424798410277154,1,7,0,1,0,0,2.0,0,10.668187192707366,0,135,55.8,10,0.2,7,2,0,0,4,8,3,2,4
CLM-2024-10487,0,10,0.7912047407537229,0,1,3,1,0,0,3.0,0,9.812451724660217,0,319,20.9,7,0.1,1,1,0,2,3,10,6,3,0
CLM-2022-10488,0,14,0.9863724808103981,0,9,0,1,0,0,1.0,0,13.951348603218959,0,45,1.4,25,0.9,9,2,6,5,4,12,5,3,0
CLM-2023-10489,0,24,0.23950280645326727,1,1,0,1,0,0,2.0,0,12.18668399453398,0,102,76.0,15,4.0,1,7,2,1,5,10,3,2,3
CLM-2024-10490,1,18,0.5413422119797079,1,1,3,1,1,0,3.0,0,12.954913037878937,0,365,45.9,21,9.2,1,7,4,5,4,10,1,0,4
CLM-2024-10491,0,41,0.46317726546738835,1,11,0,0,0,0,1.0,0,12.84481633161968,0,33,53.7,23,0.6,11,8,2,0,5,0,3,1,2
CLM-2022-10492,1,10,0.7709921881742163,0,15,0,1,1,0,4.0,0,12.548987086520237,0,394,22.9,22,7.8,15,4,4,0,4,0,3,0,0
CLM-2022-10493,0,12,0.46886504160175424,1,6,0,1,1,0,1.0,0,11.05793560294764,0,64,53.1,11,4.3,6,0,6,2,5,1,7,0,2
CLM-2022-10494,1,18,0.5917842905939491,1,6,0,1,0,0,2.0,0,14.469296317472047,0,120,40.8,2,8.2,6,4,5,2,2,10,2,2,3
CLM-2023-10495,1,22,0.4011295735325754,1,9,0,1,0,0,2.0,0,13.575664861637353,0,152,59.9,18,6.4,9,8,6,0,3,6,4,1,4
CLM-2022-10496,0,1,0.229375564831949,1,16,2,1,0,0,3.0,0,7.846617350747527,0,327,77.1,12,0.6,16,5,5,2,0,7,6,2,3
CLM-2022-10497,0,20,0.7600322089339516,0,8,0,1,0,0,3.0,0,10.505072745036486,0,252,24.0,24,0.0,8,1,3,4,2,4,4,3,0
CLM-2023-10498,0,30,0.848998403188174,0,15,0,1,0,0,1.0,0,10.95522798590325,0,77,15.1,5,0.1,15,2,1,0,3,9,4,1,0
CLM-2022-10499,0,30,0.5315282200291792,1,4,0,1,1,0,3.0,0,9.34612834161458,0,246,46.8,16,0.4,4,2,2,3,1,0,4,0,3
CLM-2022-10500,0,26,0.9786465042316473,0,8,0,1,0,0,3.0,0,13.853477572103724,0,317,2.1,20,0.6,8,7,1,1,3,14,3,1,0
CLM-2022-10501,1,7,0.2747921427721858,1,4,3,1,0,0,3.0,0,14.367580588142054,0,354,72.5,22,9.8,4,6,6,5,4,14,3,3,2
CLM-2022-10502,0,24,0.48430104487486225,1,11,0,1,1,0,3.0,0,11.296269449016565,0,235,51.6,10,1.1,11,5,0,4,3,14,3,0,1
CLM-2022-10503,1,4,0.4559162820805457,1,9,5,1,0,0,3.0,0,11.555995586558062,0,240,54.4,14,8.8,9,5,5,3,5,10,6,3,2
CLM-2023-10504,0,7,0.28781690236884094,1,5,0,1,1,0,1.0,0,9.082534272821677,0,48,71.2,20,0.0,5,7,3,5,1,12,4,0,2
CLM-2023-10505,0,22,0.5282322418944742,1,10,1,0,0,0,3.0,0,10.967054532239214,0,267,47.2,2,1.8,10,6,0,3,1,7,7,2,4
CLM-2022-10506,0,33,0.9178599062432192,0,13,0,1,1,0,2.0,0,11.767540318628313,0,100,8.2,12,4.5,13,4,2,1,2,10,7,0,0
CLM-2022-10507,1,30,0.44043179605026556,1,11,3,1,0,0,4.0,0,10.728928422581976,0,377,56.0,8,9.3,11,6,3,4,5,2,4,1,2
CLM-2024-10508,1,6,0.2537756249068903,1,12,3,1,0,0,3.0,0,10.921960253838016,0,292,74.6,9,6.4,12,4,6,2,4,0,5,3,3
CLM-2023-10509,1,25,0.50490045536157,1,4,3,1,1,0,3.0,0,11.191121954600593,0,280,49.5,25,8.9,4,3,1,3,1,5,3,0,1
CLM-2022-10510,1,33,0.3676520074422016,1,13,0,1,0,0,3.0,0,12.458775270930552,0,330,63.2,25,9.7,13,7,2,3,5,14,3,2,1
CLM-2023-10511,1,39,0.37263258950179223,1,1,3,1,0,0,3.0,0,12.52419912310711,0,262,62.7,14,6.3,1,3,1,2,0,4,7,3,4
CLM-2024-10512,1,21,0.7662032105117983,0,1,3,1,0,0,4.0,0,13.032872951929853,0,369,23.4,15,9.7,1,7,3,1,4,9,8,1,0
CLM-2022-10513,0,25,0.3751270476933097,1,9,8,1,0,0,3.0,0,10.189600644781938,0,271,62.5,15,4.9,9,8,0,5,1,11,5,1,2
CLM-2024-10514,0,8,0.4665983698357918,1,12,1,1,0,0,2.0,0,10.071643414634948,0,139,53.3,13,0.9,12,5,1,3,5,9,5,2,1
CLM-2022-10515,0,3,0.47839681694257,1,5,0,1,0,0,2.0,0,11.650717381160934,0,145,52.2,11,0.6,5,4,0,4,0,6,3,2,1
CLM-2022-10516,0,38,0.34088704670721004,1,1,0,1,0,0,0.0,0,10.097862837053292,0,19,65.9,24,0.2,1,5,5,2,4,1,6,1,1
CLM-2024-10517,0,43,0.8355917312721005,0,10,0,1,0,0,3.0,0,12.065064226625822,0,199,16.4,13,0.9,10,3,1,1,3,7,4,2,0
CLM-2023-10518,1,36,0.5039816678234983,1,3,3,1,0,0,1.0,0,11.999935905092459,0,39,49.6,12,5.4,3,7,4,0,5,3,4,1,4
CLM-2024-10519,1,34,0.3123196168412325,1,8,0,1,1,0,1.0,0,12.787967040611326,0,37,68.8,20,7.3,8,7,3,4,5,7,3,0,1
CLM-2022-10520,0,42,0.24739689980569327,1,15,3,1,0,0,4.0,0,7.046360030330819,0,373,75.3,20,0.5,15,4,6,0,1,11,6,1,3
CLM-2023-10521,0,1,0.3457622192365533,1,16,0,1,0,0,2.0,0,11.46627516465818,0,98,65.4,9,1.9,16,2,1,3,4,4,5,2,2
CLM-2022-10522,1,7,0.6137757570519411,0,7,3,1,1,0,3.0,0,12.691951776981062,0,276,38.6,25,9.7,7,2,2,4,0,7,2,0,3
CLM-2022-10523,1,22,0.49876938101239,1,11,3,1,0,0,1.0,0,12.804587446527304,0,79,50.1,8,8.9,11,4,3,3,1,5,3,2,1
CLM-2024-10524,1,25,0.4179916664031854,1,7,0,1,1,0,2.0,0,12.250380349899036,0,169,58.2,23,9.8,7,8,3,1,2,9,0,0,1
CLM-2023-10525,0,29,0.5270818509780424,1,4,2,0,0,0,3.0,0,8.883336567935597,0,280,47.3,9,1.1,4,2,5,3,4,1,5,1,1
CLM-2022-10526,0,9,0.27040144370374325,1,11,3,1,0,0,2.0,0,9.496361816348085,0,154,73.0,11,1.7,11,7,5,2,1,5,4,1,4
CLM-2022-10527,0,24,0.7540502248110837,0,14,0,1,0,0,1.0,0,10.767332325960684,0,35,24.6,4,0.5,14,8,6,0,2,6,4,1,0
CLM-2023-10528,1,44,0.3330594750052832,1,15,3,1,0,0,2.0,0,14.395003620269659,0,102,66.7,17,8.1,15,2,5,5,3,6,3,1,4
CLM-2023-10529,1,44,0.4803338798075958,1,15,3,0,1,0,2.0,0,9.873871803673156,0,119,52.0,20,5.9,15,3,6,5,4,11,5,0,1
CLM-2024-10530,0,21,0.6142327582584943,0,7,0,1,1,0,1.0,0,12.292342814559706,0,40,38.6,18,1.8,7,4,1,1,1,3,8,0,3
CLM-2023-10531,1,8,0.2778555849551368,1,6,0,0,0,0,3.0,0,10.155295914367327,0,199,72.2,24,5.5,6,8,0,4,0,2,2,3,1
CLM-2022-10532,0,26,0.6307842682218864,0,4,1,1,1,0,3.0,0,10.227932753444563,0,199,36.9,17,0.3,4,5,2,2,5,5,4,0,3
CLM-2022-10533,0,3,0.2683545877299163,1,7,2,1,0,0,1.0,0,9.884808174159616,0,76,73.2,2,2.1,7,4,2,5,5,10,3,2,4
CLM-2024-10534,1,2,0.349474588883985,1,16,0,1,0,0,3.0,0,10.607146292569606,1,323,65.1,1,6.2,16,2,3,0,1,7,5,1,2
CLM-2022-10535,0,9,0.5070746311610487,1,1,0,0,1,0,3.0,0,10.352754849969259,0,279,49.3,14,0.3,1,7,3,2,5,4,4,0,2
CLM-2023-10536,0,19,0.5160753733360581,1,4,1,1,0,0,1.0,0,10.43296867530992,0,53,48.4,8,0.5,4,3,2,1,4,5,3,1,1
CLM-2022-10537,1,13,0.25429652363642063,1,2,2,1,0,0,3.0,0,12.034867215033259,0,202,74.6,22,7.0,2,2,3,1,5,11,3,2,2
CLM-2023-10538,1,17,0.32049151308504154,1,16,0,1,0,0,2.0,0,12.486319935856358,0,177,68.0,18,5.1,16,7,5,4,4,3,3,2,3
CLM-2022-10539,0,29,0.8590410092812478,0,3,1,0,1,0,3.0,0,11.620290779674818,0,182,14.1,8,1.7,3,2,3,4,4,10,8,0,0
CLM-2024-10540,1,11,0.7914088801774241,0,8,3,1,1,0,1.0,0,13.626235972794843,0,90,20.9,18,9.0,8,2,4,5,0,3,8,0,0
CLM-2024-10541,1,39,0.5377829554177989,1,2,3,1,0,0,4.0,0,9.471817319817763,0,380,46.2,24,5.4,2,2,1,3,2,12,4,1,1
CLM-2023-10542,0,44,0.7879614769246803,0,15,0,1,0,0,4.0,0,10.380942724947001,0,376,21.2,12,2.3,15,4,6,1,2,13,6,1,0
CLM-2023-10543,0,3,0.5173350188525226,1,4,0,1,1,0,2.0,0,11.949237412757368,0,179,48.3,18,4.9,4,7,3,5,4,4,6,0,1
CLM-2024-10544,0,18,0.9331106908521781,0,9,3,1,0,0,3.0,0,9.677141378295508,0,331,6.7,22,1.3,9,8,2,5,4,3,5,1,0
CLM-2023-10545,1,37,0.8797416711469112,0,13,0,1,0,0,3.0,0,11.63033207423153,0,292,12.0,19,9.3,13,1,4,0,0,10,8,1,0
CLM-2024-10546,0,43,0.5224243986201675,1,7,0,1,0,0,4.0,0,11.349208877389772,0,386,47.8,15,1.8,7,2,0,4,1,6,3,3,4
CLM-2024-10547,0,14,0.41754320161866715,1,11,0,1,0,0,4.0,0,10.085644512451426,0,398,58.2,9,2.2,11,6,6,5,0,1,5,1,2
CLM-2023-10548,0,23,0.3511004860394137,1,15,0,1,1,0,2.0,0,10.311781322871116,0,140,64.9,21,1.1,15,2,1,2,0,6,4,0,2
CLM-2023-10549,0,17,0.8350410499397752,0,12,3,1,0,0,3.0,0,11.25656129388668,0,344,16.5,20,4.7,12,2,3,3,4,7,5,3,0
